plot_id,entity_id,plot_number,year_started,production,total_coffee_area,active_coffee_area,rejuvenation_area
1470157558564695309_1,1470157558564695309,7.0,,8700.0,1.5,1.35,0.15
1470157558564695309_2,1470157558564695309,6.0,,8700.0,1.5,1.35,0.15
1470157558564695309_3,1470157558564695309,5.0,,8700.0,1.5,1.35,0.15
1470157558564695309_4,1470157558564695309,4.0,,8700.0,1.5,1.35,0.15
1470157558564695295_1,1470157558564695295,,,2220.0,0.43,0.39,0.04
1470157558564695295_2,1470157558564695295,,2012.0,14400.0,2.67,2.4,0.27
1470157558564694946_1,1470157558564694946,,2001.0,8520.0,1.66,1.5,0.17
1470157558564694946_2,1470157558564694946,,2001.0,3300.0,0.65,0.58,0.06
1470157558564694946_3,1470157558564694946,,2001.0,1620.0,0.33,0.29,0.03
1470157558564694946_4,1470157558564694946,,2001.0,1200.0,0.24,0.22,0.02
1470157558564695057_1,1470157558564695057,3.0,2001.0,2700.0,0.72,0.65,0.07
1470157558564694699_1,1470157558564694699,2.0,2009.0,7200.0,1.42,1.27,0.15
1470157558564694968_1,1470157558564694968,,2001.0,4800.0,0.95,0.85,0.09
1470157558564694704_1,1470157558564694704,,1999.0,12600.0,2.25,1.65,0.6
1470157558564695065_1,1470157558564695065,3.0,,6000.0,1.5,1.35,0.15
1470157558564694989_1,1470157558564694989,,2001.0,4200.0,0.82,0.74,0.08
1470157558564695215_1,1470157558564695215,,2000.0,9000.0,2.05,1.84,0.2
1470157558564694714_1,1470157558564694714,,2003.0,3000.0,0.56,0.51,0.06
1470157558564694722_1,1470157558564694722,,1998.0,6900.0,1.28,1.18,0.1
1470157558564694722_2,1470157558564694722,,1996.0,10800.0,1.96,1.76,0.2
1470157558564694903_1,1470157558564694903,3.0,1997.0,3900.0,0.68,0.61,0.07
1470157558564694972_1,1470157558564694972,,1998.0,1500.0,0.31,0.28,0.03
1470157558564694797_1,1470157558564694797,,,2100.0,0.4,0.36,0.04
1470157558564694797_2,1470157558564694797,,1998.0,6000.0,1.05,0.94,0.1
1470157558564695074_1,1470157558564695074,,1995.0,20000.0,3.76,3.38,0.38
1470157558564694799_1,1470157558564694799,,1997.0,6600.0,1.5,1.35,0.15
1470157558564695163_1,1470157558564695163,2.0,,5700.0,1.3,1.17,0.13
1470157558564695952_1,1470157558564695952,2.0,2007.0,1920.0,0.43,0.38,0.04
1470157558564695873_1,1470157558564695873,,2006.0,10980.0,2.74,2.46,0.27
1470157558564695063_1,1470157558564695063,2.0,2001.0,2700.0,0.74,0.66,0.07
1470157558564695879_1,1470157558564695879,,2006.0,1920.0,0.52,0.47,0.05
1470157558564695879_2,1470157558564695879,,2006.0,3300.0,0.6,0.54,0.06
1470157558564696002_1,1470157558564696002,,2007.0,540.0,0.11,0.09,0.01
1470157558564696002_2,1470157558564696002,,2007.0,1500.0,0.3,0.27,0.03
1470157558564695991_1,1470157558564695991,2.0,2007.0,2400.0,0.5,0.45,0.05
1470157558564695965_1,1470157558564695965,,1997.0,7500.0,1.9,1.71,0.19
1470157558564695965_2,1470157558564695965,,1992.0,6600.0,1.6,1.44,0.16
1470157558564695118_1,1470157558564695118,,2001.0,1320.0,0.22,0.2,0.02
1470157558564695118_2,1470157558564695118,,2001.0,1500.0,0.42,0.38,0.04
1470157558564694820_1,1470157558564694820,,2005.0,7500.0,1.33,1.2,0.13
1470157558564695191_1,1470157558564695191,3.0,,2400.0,0.65,0.58,0.06
1470157558564695191_2,1470157558564695191,2.0,,2400.0,0.65,0.58,0.06
1470157558564695739_1,1470157558564695739,,2005.0,1920.0,0.41,0.37,0.04
1470157558564695739_2,1470157558564695739,,2005.0,9300.0,1.61,1.45,0.16
1470157558564695739_3,1470157558564695739,,2013.0,1140.0,0.24,0.22,0.02
1470157558564695307_1,1470157558564695307,,1999.0,4500.0,0.78,0.7,0.08
1470157558564695573_1,1470157558564695573,,,2100.0,0.5,0.45,0.05
1470157558564695554_1,1470157558564695554,,2005.0,4500.0,0.94,0.84,0.09
1470157558564695390_1,1470157558564695390,,2003.0,6120.0,1.31,1.18,0.13
1470157558564695569_1,1470157558564695569,4.0,,15000.0,3.3,2.97,0.33
1470157558564695558_1,1470157558564695558,,2005.0,7980.0,1.5,1.35,0.15
1470157558564695558_2,1470157558564695558,,,4800.0,1.2,1.08,0.12
1470157558564695628_1,1470157558564695628,,,3000.0,0.66,0.6,0.07
1470157558564695562_1,1470157558564695562,,2005.0,3540.0,0.74,0.67,0.07
1470157558564695562_2,1470157558564695562,,2005.0,1800.0,0.44,0.4,0.04
1470157558564695658_1,1470157558564695658,,2005.0,7200.0,1.61,1.45,0.16
1470157558564695658_2,1470157558564695658,,2005.0,1020.0,0.23,0.2,0.02
1470157558564695386_1,1470157558564695386,,2003.0,2880.0,0.58,0.52,0.06
1470157558564695386_2,1470157558564695386,,2003.0,4560.0,0.94,0.85,0.09
1470157558564695504_1,1470157558564695504,,,5400.0,1.0,0.9,0.1
1470157558564695504_2,1470157558564695504,,,5700.0,1.0,0.9,0.1
1470157558564695504_3,1470157558564695504,,2004.0,5460.0,1.14,1.02,0.11
1470157558564695096_1,1470157558564695096,2.0,,1620.0,0.31,0.28,0.03
1470157558564695096_2,1470157558564695096,3.0,,1620.0,0.31,0.28,0.03
1470157558564695337_1,1470157558564695337,,,4800.0,1.0,0.9,0.1
1470157558564695889_1,1470157558564695889,,,,,,
1470157558564695757_1,1470157558564695757,,2006.0,2820.0,0.58,0.53,0.06
1469278379854639222_1,1469278379854639222,,2017.0,20000.0,5.0,0.0,0.0
1469278379854639342_1,1469278379854639342,,2012.0,10000.0,3.0,0.0,0.0
1469278379854638502_1,1469278379854638502,,2004.0,7980.0,2.0,,
1469278379854638316_1,1469278379854638316,,2004.0,6000.0,1.3,0.0,0.0
1469883818362504539_1,1469883818362504539,,1998.0,20000.0,5.0,0.0,0.0
1469278379855013128_1,1469278379855013128,2.0,2000.0,8000.0,2.0,,
1469278379855012334_1,1469278379855012334,,2015.0,25000.0,5.0,,
1469278379855013186_1,1469278379855013186,,2003.0,3500.0,1.0,,
1469883818362504743_1,1469883818362504743,,2006.0,4000.0,1.0,,
1469278379854782274_1,1469278379854782274,,1999.0,4000.0,2.0,,
1469278379855014872_1,1469278379855014872,,1997.0,4000.0,1.4,,
1469278379855004447_1,1469278379855004447,4.0,2020.0,10000.0,3.0,,
1469278379855004447_2,1469278379855004447,3.0,2020.0,10000.0,3.0,,
1469278379855004447_3,1469278379855004447,2.0,2020.0,10000.0,3.0,,
1469278379854781944_1,1469278379854781944,,2001.0,5000.0,1.5,,
1469278379854781789_1,1469278379854781789,,2000.0,9000.0,3.0,,
1469278379854781780_1,1469278379854781780,,2000.0,5000.0,2.0,,
1469278379855014611_1,1469278379855014611,,2011.0,5000.0,1.5,,
1469278379855014782_1,1469278379855014782,,2013.0,6000.0,2.0,,
1469278379855013420_1,1469278379855013420,,1997.0,22000.0,5.0,,
1469278379855013426_1,1469278379855013426,,2003.0,4000.0,1.0,,
1469278379855008977_1,1469278379855008977,,2009.0,3000.0,1.0,,
1469278379854782189_1,1469278379854782189,2.0,2011.0,13000.0,0.6,,
1469883818362504707_1,1469883818362504707,,2010.0,5000.0,1.5,,
1469278379855004763_1,1469278379855004763,2.0,2019.0,8000.0,1.8,,
1469278379854782176_1,1469278379854782176,,2009.0,10000.0,4.0,,0.0
1469278379855013194_1,1469278379855013194,2.0,2009.0,3000.0,1.0,,
1469278379854783010_1,1469278379854783010,,1999.0,10000.0,3.0,,
1469278379855012739_1,1469278379855012739,,2009.0,6000.0,1.5,,
1469278379854783130_1,1469278379854783130,,2015.0,2000.0,1.5,,
1469278379855009281_1,1469278379855009281,,2015.0,8000.0,1.5,,
1469883818362505057_1,1469883818362505057,,1997.0,2500.0,0.6,,
1469278379854782955_1,1469278379854782955,,2000.0,10000.0,2.0,,
1469278379854782066_1,1469278379854782066,,1998.0,4000.0,1.0,,
1469278379854782983_1,1469278379854782983,,2015.0,6000.0,1.5,,
1469278379855009775_1,1469278379855009775,3.0,2000.0,12000.0,3.0,,
1469278379855009775_2,1469278379855009775,2.0,2000.0,12000.0,3.0,,
1469278379854781982_1,1469278379854781982,,2001.0,2000.0,1.5,0.0,0.0
1469883818362504785_1,1469883818362504785,,2010.0,8000.0,2.5,,
1469278379854782311_1,1469278379854782311,,2013.0,5000.0,3.0,,
1469883818362504788_1,1469883818362504788,,2013.0,6000.0,2.0,,
1469278379854782873_1,1469278379854782873,,2003.0,5000.0,2.0,0.0,0.0
1469278379855013487_1,1469278379855013487,,2003.0,7000.0,1.8,,
1469278379854782303_1,1469278379854782303,,2000.0,10000.0,2.5,0.0,0.0
1469278379854782330_1,1469278379854782330,,2000.0,4000.0,3.0,0.0,0.0
1469278379855013538_1,1469278379855013538,,2000.0,5000.0,1.0,,
1469278379854677182_1,1469278379854677182,,2010.0,4000.0,1.0,,
1469278379854782765_1,1469278379854782765,2.0,2004.0,10000.0,4.0,,
1469278379854677051_1,1469278379854677051,,2009.0,6000.0,2.5,0.0,0.0
1469278379855012279_1,1469278379855012279,,1998.0,9000.0,2.0,,
1469278379854782856_1,1469278379854782856,,1996.0,15000.0,1.0,,
1469278379855009590_1,1469278379855009590,,2007.0,5000.0,0.9,,
1469278379855009590_2,1469278379855009590,,2011.0,5000.0,1.1,,
1469278379855009590_3,1469278379855009590,,2009.0,7000.0,1.3,,
1469278379854677054_1,1469278379854677054,,2004.0,5000.0,1.2,0.0,0.0
1469278379855012573_1,1469278379855012573,2.0,1996.0,3000.0,0.7,,
1469278379854783229_1,1469278379854783229,,2013.0,2000.0,1.5,,
1469278379854781962_1,1469278379854781962,,2004.0,7000.0,2.0,0.0,0.0
1469278379854677037_1,1469278379854677037,,2005.0,5000.0,1.5,0.0,0.0
1469278379855012570_1,1469278379855012570,2.0,2005.0,6000.0,1.4,,
1469883818362504744_1,1469883818362504744,,2007.0,5000.0,1.5,0.0,0.0
1469278379855012184_1,1469278379855012184,,1999.0,2000.0,0.5,,
1469883818362504715_1,1469883818362504715,,2005.0,4500.0,1.1,0.0,0.0
1469278379854783135_1,1469278379854783135,,2008.0,5000.0,1.7,,
1469278379855012158_1,1469278379855012158,,2007.0,8000.0,2.0,,
1469278379854783115_1,1469278379854783115,,1999.0,3000.0,1.2,,
1469278379854782426_1,1469278379854782426,,1995.0,3000.0,2.0,0.0,0.0
1469278379855013057_1,1469278379855013057,3.0,2005.0,1800.0,0.6,,
1469278379855013057_2,1469278379855013057,2.0,2005.0,1800.0,0.6,,
1469278379854783104_1,1469278379854783104,,2012.0,6000.0,2.0,,
1469278379854782419_1,1469278379854782419,,2000.0,5000.0,1.5,0.0,0.0
1469278379855009927_1,1469278379855009927,,2003.0,1500.0,0.5,0.0,0.0
1469278379854677226_1,1469278379854677226,,2005.0,12000.0,2.0,,
1469278379855012818_1,1469278379855012818,,2013.0,6000.0,1.5,,
1469278379854677162_1,1469278379854677162,,2000.0,5500.0,1.7,,
1469278379854782733_1,1469278379854782733,,2013.0,4000.0,1.5,0.0,0.0
1469278379854677174_1,1469278379854677174,,2000.0,6000.0,2.0,,
1469278379854783053_1,1469278379854783053,2.0,2008.0,8000.0,3.0,0.0,0.0
1469278379854782727_1,1469278379854782727,,2012.0,6000.0,3.0,0.0,0.0
1469278379855013676_1,1469278379855013676,2.0,2014.0,6000.0,1.6,,
1469278379855013697_1,1469278379855013697,,2008.0,3500.0,0.8,,
1469278379854782243_1,1469278379854782243,,1999.0,23000.0,1.5,0.0,0.0
1469278379855012382_1,1469278379855012382,,1999.0,8000.0,2.2,,
1469278379854783211_1,1469278379854783211,,2011.0,6000.0,2.3,0.0,0.0
1469278379855012339_1,1469278379855012339,,2001.0,5000.0,1.0,,
1469278379854783216_1,1469278379854783216,,2005.0,10000.0,0.5,0.0,0.0
1469278379855012856_1,1469278379855012856,,2010.0,5000.0,1.0,,
1469278379855013932_1,1469278379855013932,,1995.0,3500.0,1.0,0.0,0.0
1469278379855013152_1,1469278379855013152,,2014.0,4000.0,1.0,,
1469278379855014007_1,1469278379855014007,3.0,2011.0,20000.0,3.0,,
1469278379855014007_2,1469278379855014007,2.0,2011.0,20000.0,3.0,,
1469278379855013593_1,1469278379855013593,,2008.0,3000.0,1.0,,
1469278379855013826_1,1469278379855013826,2.0,1995.0,3500.0,1.3,,
1469278379855012881_1,1469278379855012881,2.0,2016.0,9000.0,2.0,,
1469278379855013861_1,1469278379855013861,,2000.0,7000.0,2.0,,
1469278379855013563_1,1469278379855013563,2.0,1999.0,3000.0,1.2,0.0,0.0
1469278379855012835_1,1469278379855012835,,1999.0,6000.0,1.0,,
1469278379855009880_1,1469278379855009880,,2003.0,14000.0,3.0,0.0,0.0
1469278379855009844_1,1469278379855009844,,1999.0,16000.0,3.0,0.0,0.0
1469278379855009842_1,1469278379855009842,3.0,2001.0,18000.0,3.5,,
1469278379855009842_2,1469278379855009842,2.0,2001.0,18000.0,3.5,,
1469278379854641911_1,1469278379854641911,3.0,1999.0,4500.0,1.5,0.0,0.0
1469278379854641911_2,1469278379854641911,2.0,1999.0,4500.0,1.5,0.0,0.0
1469278379855005159_1,1469278379855005159,,2015.0,1600.0,0.6,,
1469278379855008338_1,1469278379855008338,,2004.0,4000.0,1.0,0.0,0.0
1469278379854638788_1,1469278379854638788,,2005.0,10000.0,3.0,,
1469278379855008185_1,1469278379855008185,,2012.0,6000.0,2.0,,
1469278379855008185_2,1469278379855008185,,2006.0,6000.0,2.0,,
1469278379855009021_1,1469278379855009021,,1996.0,3000.0,1.0,,
1469278379855004887_1,1469278379855004887,,2011.0,4000.0,1.1,0.0,0.0
1469278379854638847_1,1469278379854638847,2.0,2014.0,20000.0,6.0,0.0,0.0
1469278379855004785_1,1469278379855004785,2.0,2017.0,8000.0,2.0,,
1469278379855004825_1,1469278379855004825,,2020.0,5000.0,1.0,,
1469278379855014199_1,1469278379855014199,,1999.0,18000.0,3.0,0.0,0.0
1469278379855014401_1,1469278379855014401,,2018.0,8000.0,1.3,,
1469278379854640837_1,1469278379854640837,,2007.0,9000.0,2.0,0.0,0.0
1469278379855014074_1,1469278379855014074,,2011.0,7000.0,1.6,0.0,0.0
1469278379854639556_1,1469278379854639556,,2016.0,7000.0,2.0,0.0,0.0
1469278379854640166_1,1469278379854640166,,2008.0,18000.0,5.0,0.0,0.0
1469883818362504681_1,1469883818362504681,1.0,,,,,
1469278379855014088_1,1469278379855014088,,2000.0,6000.0,1.8,0.0,0.0
1469278379855014073_1,1469278379855014073,,2017.0,8000.0,2.0,,
1469278379855014104_1,1469278379855014104,,1999.0,6000.0,1.9,,
1469278379855014345_1,1469278379855014345,,2020.0,1500.0,0.5,,
1469883818362504890_1,1469883818362504890,,2011.0,4000.0,1.3,0.0,0.0
1469278379855014289_1,1469278379855014289,,2001.0,5000.0,1.0,,
1469278379854641656_1,1469278379854641656,,2003.0,8000.0,2.0,0.0,0.0
1469278379854642031_1,1469278379854642031,3.0,2008.0,7000.0,2.0,0.0,0.0
1469278379854642031_2,1469278379854642031,2.0,2008.0,7000.0,2.0,0.0,0.0
1469278379855008648_1,1469278379855008648,,2004.0,5000.0,1.2,0.0,0.0
1469278379855008633_1,1469278379855008633,,2007.0,3000.0,1.0,,
1469278379854639991_1,1469278379854639991,3.0,2000.0,6000.0,2.0,0.0,0.0
1469278379854639991_2,1469278379854639991,2.0,2000.0,6000.0,2.0,0.0,0.0
1469883818362504409_1,1469883818362504409,,2002.0,3700.0,1.0,0.0,0.0
1469278379855014643_1,1469278379855014643,,1999.0,3000.0,0.5,0.0,0.0
1469278379855009318_1,1469278379855009318,2.0,2001.0,13000.0,2.5,,
1469278379854638141_1,1469278379854638141,,2005.0,4980.0,1.0,0.0,0.0
1469278379855009319_1,1469278379855009319,4.0,2003.0,10000.0,2.0,,
1469278379855009319_2,1469278379855009319,3.0,2003.0,10000.0,2.0,,
1469278379855009319_3,1469278379855009319,2.0,2003.0,10000.0,2.0,,
1469278379854640735_1,1469278379854640735,,2015.0,13500.0,3.0,,
1469278379855008002_1,1469278379855008002,,2005.0,3000.0,1.0,0.0,0.0
1469278379855009390_1,1469278379855009390,2.0,2000.0,6000.0,1.2,,
1469278379854638365_1,1469278379854638365,2.0,2001.0,7000.0,1.5,,
1469278379854641789_1,1469278379854641789,,2005.0,20000.0,6.0,,
1469278379854642507_1,1469278379854642507,2.0,2007.0,7020.0,1.5,,
1469278379854641951_1,1469278379854641951,4.0,2011.0,7000.0,1.5,0.0,0.0
1469278379854641951_2,1469278379854641951,3.0,2011.0,7000.0,1.5,0.0,0.0
1469278379854641951_3,1469278379854641951,2.0,2011.0,7000.0,1.5,0.0,0.0
1469278379855008000_1,1469278379855008000,2.0,2005.0,6000.0,3.0,0.0,0.0
1469278379854642852_1,1469278379854642852,,2002.0,5000.0,1.0,,
1469278379854638345_1,1469278379854638345,2.0,2003.0,12000.0,2.2,0.0,0.0
1469278379854638306_1,1469278379854638306,,2010.0,5000.0,1.1,0.0,0.0
1469278379855004840_1,1469278379855004840,,1995.0,11000.0,3.5,,
1469278379854642720_1,1469278379854642720,,2011.0,15000.0,3.0,,
1469278379855005225_1,1469278379855005225,,2017.0,8000.0,2.0,0.0,0.0
1469278379855005212_1,1469278379855005212,,2017.0,4000.0,1.0,0.0,0.0
1469278379855005212_2,1469278379855005212,,2007.0,12000.0,3.0,0.0,0.0
1469278379854638332_1,1469278379854638332,2.0,2008.0,12000.0,3.0,0.0,0.0
1469278379854642963_1,1469278379854642963,3.0,2016.0,5000.0,1.5,,
1469278379854642963_2,1469278379854642963,2.0,2016.0,5000.0,1.5,,
1469278379854638287_1,1469278379854638287,,2001.0,8000.0,2.0,0.0,0.0
1469278379855005276_1,1469278379855005276,,2000.0,8000.0,2.0,0.0,0.0
1469278379855005249_1,1469278379855005249,3.0,1996.0,12000.0,2.4,,
1469278379855005249_2,1469278379855005249,2.0,1996.0,12000.0,2.4,,
1469278379854642946_1,1469278379854642946,3.0,,,,,
1469278379854642946_2,1469278379854642946,2.0,,,,,
1469278379855008686_1,1469278379855008686,2.0,1999.0,4000.0,1.5,0.0,0.0
1469278379855008072_1,1469278379855008072,4.0,1994.0,12000.0,3.0,,
1469278379855008072_2,1469278379855008072,3.0,1994.0,12000.0,3.0,,
1469278379855008072_3,1469278379855008072,2.0,1994.0,12000.0,3.0,,
1469278379855005043_1,1469278379855005043,6.0,2014.0,4000.0,1.5,0.0,0.0
1469278379855005043_2,1469278379855005043,5.0,2014.0,4000.0,1.5,0.0,0.0
1469278379854641146_1,1469278379854641146,,2013.0,5000.0,1.0,0.0,0.0
1469278379855005002_1,1469278379855005002,,2002.0,12000.0,3.0,,
1469278379855005032_1,1469278379855005032,,2013.0,9000.0,2.0,,
1469278379855005028_1,1469278379855005028,,2009.0,6000.0,1.6,0.0,0.0
1469278379854640452_1,1469278379854640452,,2001.0,10000.0,2.5,,
1469278379854638593_1,1469278379854638593,,2000.0,3480.0,0.9,0.0,0.0
1469278379855008702_1,1469278379855008702,3.0,2000.0,5500.0,2.2,,
1469278379855008702_2,1469278379855008702,2.0,2000.0,5500.0,2.2,,
1469278379854639859_1,1469278379854639859,,2000.0,6000.0,1.5,0.0,0.0
1469278379854638512_1,1469278379854638512,,1998.0,9000.0,2.0,,
1469278379854641222_1,1469278379854641222,2.0,2009.0,4000.0,1.0,0.0,0.0
1469278379854639942_1,1469278379854639942,3.0,1999.0,20000.0,4.0,0.0,0.0
1469278379854639942_2,1469278379854639942,2.0,1999.0,20000.0,4.0,0.0,0.0
1469278379854638490_1,1469278379854638490,,2002.0,7980.0,2.0,0.0,0.0
1469278379854638519_1,1469278379854638519,,2001.0,6000.0,1.5,0.0,0.0
1469278379854638792_1,1469278379854638792,,2000.0,5000.0,1.2,0.0,0.0
1469278379854642831_1,1469278379854642831,,2007.0,6000.0,2.0,,
1469278379854639534_1,1469278379854639534,5.0,2000.0,12000.0,5.0,0.0,0.0
1469278379854639534_2,1469278379854639534,4.0,2000.0,12000.0,5.0,0.0,0.0
1469278379854638214_1,1469278379854638214,,1998.0,7200.0,1.8,0.0,0.0
1469278379854639354_1,1469278379854639354,3.0,2000.0,10000.0,4.0,0.0,0.0
1469278379854639354_2,1469278379854639354,2.0,2000.0,10000.0,4.0,0.0,0.0
1469278379854638432_1,1469278379854638432,,2005.0,8000.0,2.0,0.0,0.0
1469278379854639362_1,1469278379854639362,,2000.0,7000.0,1.1,0.0,0.0
1469278379854638434_1,1469278379854638434,,1998.0,16000.0,4.0,0.0,0.0
1469278379854639448_1,1469278379854639448,3.0,1998.0,3000.0,1.0,0.0,0.0
1469278379854639448_2,1469278379854639448,2.0,1998.0,3000.0,1.0,0.0,0.0
1469278379854639340_1,1469278379854639340,,2005.0,5000.0,1.7,0.0,0.0
1469278379854638373_1,1469278379854638373,,1999.0,4000.0,1.1,0.0,0.0
1469278379854639445_1,1469278379854639445,2.0,1996.0,4500.0,1.5,0.0,0.0
1469278379854639420_1,1469278379854639420,,2015.0,5000.0,1.5,0.0,0.0
1469278379854642243_1,1469278379854642243,3.0,2002.0,17000.0,5.0,0.0,0.0
1469278379854642243_2,1469278379854642243,2.0,2002.0,17000.0,5.0,0.0,0.0
1469278379854642131_1,1469278379854642131,,2000.0,10000.0,3.0,0.0,0.0
1469278379854639686_1,1469278379854639686,2.0,2015.0,28000.0,8.0,0.0,0.0
1469278379854639686_2,1469278379854639686,3.0,2015.0,28000.0,8.0,0.0,0.0
1469278379854642125_1,1469278379854642125,,2000.0,13000.0,3.0,0.0,0.0
1469278379854640951_1,1469278379854640951,,2000.0,20000.0,5.0,0.0,0.0
1469278379854642215_1,1469278379854642215,3.0,2006.0,20000.0,4.0,0.0,0.0
1469278379854642215_2,1469278379854642215,2.0,2006.0,20000.0,4.0,0.0,0.0
1469278379854640079_1,1469278379854640079,2.0,2000.0,5000.0,1.0,0.0,0.0
1469278379854642194_1,1469278379854642194,2.0,2000.0,7000.0,2.0,,
1469278379854640971_1,1469278379854640971,,2002.0,20000.0,5.0,0.0,0.0
1469278379854640065_1,1469278379854640065,3.0,2013.0,20000.0,3.7,0.0,0.0
1469278379854640065_2,1469278379854640065,2.0,2013.0,20000.0,3.7,0.0,0.0
1469278379854642173_1,1469278379854642173,3.0,2010.0,6000.0,2.0,,
1469278379854642173_2,1469278379854642173,2.0,2010.0,6000.0,2.0,,
1469278379854641215_1,1469278379854641215,4.0,2005.0,9000.0,2.5,0.0,0.0
1469278379854641215_2,1469278379854641215,2.0,2005.0,9000.0,2.5,0.0,0.0
1469278379854641215_3,1469278379854641215,7.0,2005.0,9000.0,2.5,0.0,0.0
1469278379854641215_4,1469278379854641215,6.0,2005.0,9000.0,2.5,0.0,0.0
1469278379854641215_5,1469278379854641215,5.0,2005.0,9000.0,2.5,0.0,0.0
1469278379854641215_6,1469278379854641215,3.0,2005.0,9000.0,2.5,0.0,0.0
1469278379854640961_1,1469278379854640961,,1998.0,12000.0,3.0,0.0,0.0
1469278379854640900_1,1469278379854640900,,2005.0,6000.0,1.7,0.0,0.0
1469278379854642890_1,1469278379854642890,,2005.0,10000.0,2.0,0.0,0.0
1469278379854640339_1,1469278379854640339,,2008.0,14000.0,3.2,0.0,0.0
1469278379854643031_1,1469278379854643031,,2001.0,4020.0,1.5,0.0,0.0
1469278379854641605_1,1469278379854641605,3.0,2000.0,14000.0,3.5,0.0,0.0
1469278379854641605_2,1469278379854641605,2.0,2000.0,14000.0,3.5,0.0,0.0
1469278379854640257_1,1469278379854640257,,2000.0,3000.0,1.0,0.0,0.0
1469278379854643043_1,1469278379854643043,,2000.0,3000.0,1.4,0.0,0.0
1469278379854641569_1,1469278379854641569,2.0,1999.0,20000.0,5.0,0.0,0.0
1469278379854642073_1,1469278379854642073,2.0,2000.0,10000.0,5.0,0.0,0.0
1469278379854642301_1,1469278379854642301,,2005.0,35000.0,8.0,,
1469278379854640613_1,1469278379854640613,,2005.0,4000.0,1.0,0.0,0.0
1469278379854642479_1,1469278379854642479,4.0,1998.0,10000.0,3.0,0.0,0.0
1469278379854642479_2,1469278379854642479,3.0,1998.0,10000.0,3.0,0.0,0.0
1469278379854642479_3,1469278379854642479,2.0,1998.0,10000.0,3.0,0.0,0.0
1469278379854640625_1,1469278379854640625,,2007.0,10000.0,2.5,0.0,0.0
1469883818362505174_1,1469883818362505174,,2015.0,4500.0,1.2,0.0,0.0
1469278379855039037_1,1469278379855039037,,2014.0,4000.0,1.0,,
1469278379855040664_1,1469278379855040664,,2013.0,4000.0,1.2,0.0,0.0
1469278379855036915_1,1469278379855036915,,2015.0,2000.0,0.5,0.0,0.0
1469278379855037067_1,1469278379855037067,,2016.0,4000.0,1.0,0.0,0.0
1469278379855038019_1,1469278379855038019,,2012.0,4000.0,1.0,0.0,0.0
1469278379855037842_1,1469278379855037842,,2009.0,7000.0,1.9,0.0,0.0
1469278379855040862_1,1469278379855040862,,2008.0,3500.0,1.0,0.0,0.0
1469278379855038442_1,1469278379855038442,2.0,1999.0,5000.0,1.5,,
1469278379855004727_1,1469278379855004727,,,,,,
1469278379855040212_1,1469278379855040212,,2018.0,3000.0,0.8,0.0,0.0
1469278379855039053_1,1469278379855039053,,2012.0,5000.0,1.5,0.0,0.0
1469278379855038729_1,1469278379855038729,,2000.0,3500.0,1.0,0.0,0.0
1469278379855038358_1,1469278379855038358,,2001.0,6500.0,1.6,0.0,0.0
1469278379855037425_1,1469278379855037425,2.0,1995.0,8000.0,2.7,0.0,0.0
1469278379855038409_1,1469278379855038409,,2001.0,2000.0,0.5,0.0,0.0
1469278379855039084_1,1469278379855039084,,2013.0,7000.0,2.0,0.0,0.0
1469278379855040001_1,1469278379855040001,4.0,2010.0,5000.0,1.5,0.0,0.0
1469278379855040001_2,1469278379855040001,3.0,2010.0,5000.0,1.5,0.0,0.0
1469278379855040001_3,1469278379855040001,2.0,2010.0,5000.0,1.5,0.0,0.0
1469278379855038668_1,1469278379855038668,2.0,2012.0,2000.0,0.5,0.0,0.0
1469278379855009580_1,1469278379855009580,,,,,,
1469278379855040455_1,1469278379855040455,2.0,2007.0,3000.0,0.8,0.0,0.0
1469278379855040422_1,1469278379855040422,2.0,2000.0,3500.0,1.0,0.0,0.0
1469278379855039608_1,1469278379855039608,,2009.0,2500.0,0.7,0.0,0.0
1469278379855038830_1,1469278379855038830,,1994.0,3500.0,1.0,0.0,0.0
1469278379855039042_1,1469278379855039042,,2010.0,5000.0,1.5,0.0,0.0
1469883818362505115_1,1469883818362505115,,2013.0,3500.0,1.0,0.0,0.0
1469883818362505118_1,1469883818362505118,,2019.0,3500.0,1.0,0.0,0.0
1469278379855038999_1,1469278379855038999,,2012.0,5000.0,1.5,0.0,0.0
1469278379855039728_1,1469278379855039728,,2010.0,2500.0,0.8,0.0,0.0
1469278379855039878_1,1469278379855039878,,1999.0,3000.0,1.0,0.0,0.0
1469278379855038499_1,1469278379855038499,,2006.0,3000.0,1.0,0.0,0.0
1469278379855039832_1,1469278379855039832,,2010.0,2500.0,0.8,,
1469278379855037698_1,1469278379855037698,,2008.0,6000.0,1.6,0.0,0.0
1469278379855037177_1,1469278379855037177,,2008.0,2500.0,0.7,,
1469278379855037185_1,1469278379855037185,,2005.0,7000.0,2.1,0.0,0.0
1469278379855040741_1,1469278379855040741,,2010.0,2000.0,0.6,0.0,0.0
1469278379855037201_1,1469278379855037201,,2003.0,3000.0,0.9,0.0,0.0
1469278379855039787_1,1469278379855039787,,1999.0,2500.0,0.8,,
1469278379855040252_1,1469278379855040252,,2012.0,3500.0,1.0,0.0,0.0
1469278379855040132_1,1469278379855040132,,2012.0,6500.0,2.0,,
1469278379855039488_1,1469278379855039488,2.0,2018.0,2000.0,0.6,,
1469278379855040307_1,1469278379855040307,2.0,2007.0,7000.0,2.0,0.0,0.0
1469278379855040307_2,1469278379855040307,3.0,2007.0,7000.0,2.0,0.0,0.0
1469278379855039486_1,1469278379855039486,,2011.0,1500.0,0.4,,
1469278379855040352_1,1469278379855040352,,2022.0,5000.0,1.5,0.0,0.0
1469278379855040352_2,1469278379855040352,,1997.0,2000.0,0.5,0.0,0.0
1469278379855040352_3,1469278379855040352,,1994.0,3500.0,1.0,0.0,0.0
1469278379855039407_1,1469278379855039407,3.0,1999.0,700.0,0.2,0.0,0.0
1469278379855040432_1,1469278379855040432,2.0,2006.0,5000.0,1.5,0.0,0.0
1469278379855038122_1,1469278379855038122,,1995.0,5000.0,1.0,0.0,0.0
1469278379855040242_1,1469278379855040242,,2014.0,3500.0,1.0,0.0,0.0
1469278379855039629_1,1469278379855039629,,1997.0,1500.0,0.4,,
1469883818362505224_1,1469883818362505224,2.0,2008.0,4000.0,1.0,0.0,0.0
1469278379855040198_1,1469278379855040198,,2016.0,2000.0,0.6,,
1469278379855040099_1,1469278379855040099,,2012.0,10000.0,3.0,0.0,0.0
1469278379855038070_1,1469278379855038070,2.0,2014.0,5000.0,1.2,0.0,0.0
1469278379855038552_1,1469278379855038552,,2002.0,2500.0,0.7,,
1469278379855038690_1,1469278379855038690,2.0,2001.0,4500.0,1.0,0.0,0.0
1469278379855037403_1,1469278379855037403,2.0,1990.0,5000.0,1.4,0.0,0.0
1469278379855038672_1,1469278379855038672,,2010.0,2500.0,0.7,0.0,0.0
1469278379855037409_1,1469278379855037409,,1991.0,5000.0,1.5,0.0,0.0
1469278379855037416_1,1469278379855037416,,2000.0,6500.0,1.9,0.0,0.0
1469278379855037520_1,1469278379855037520,,2016.0,2000.0,0.6,0.0,0.0
1469278379855037251_1,1469278379855037251,,2013.0,2500.0,0.8,0.0,0.0
1469278379855040589_1,1469278379855040589,,2014.0,3500.0,1.0,0.0,0.0
1469278379855036998_1,1469278379855036998,,2015.0,1500.0,0.5,,
1469278379854782610_1,1469278379854782610,,2010.0,7000.0,1.0,,
1469278379855039342_1,1469278379855039342,,1999.0,4000.0,1.2,0.0,0.0
1469278379855037024_1,1469278379855037024,,2015.0,4000.0,1.0,0.0,0.0
1469278379855039320_1,1469278379855039320,,1999.0,3000.0,0.8,0.0,0.0
1469278379855036851_1,1469278379855036851,,1998.0,3800.0,0.8,0.0,0.0
1469278379855036956_1,1469278379855036956,4.0,2018.0,7000.0,2.0,0.0,0.0
1469278379855036956_2,1469278379855036956,3.0,2018.0,7000.0,2.0,0.0,0.0
1469278379855036956_3,1469278379855036956,2.0,2018.0,7000.0,2.0,0.0,0.0
1469278379855012202_1,1469278379855012202,,,,,,
1469278379855037391_1,1469278379855037391,2.0,1989.0,8500.0,2.4,,
1469278379854640502_1,1469278379854640502,,1998.0,20000.0,5.5,0.0,0.0
1469278379854640527_1,1469278379854640527,2.0,2004.0,40000.0,10.0,0.0,0.0
1469278379855013741_1,1469278379855013741,1.0,,,,,
1469278379855039900_1,1469278379855039900,,,,,,
1469278379855040542_1,1469278379855040542,,,,,,
1469278379855004500_1,1469278379855004500,,,,,,
1469278379855004491_1,1469278379855004491,,,,,,
1469278379854641314_1,1469278379854641314,2.0,2000.0,6000.0,2.0,0.0,0.0
1469278379855036603_1,1469278379855036603,2.0,2012.0,3000.0,0.7,0.0,0.0
1469278379855037069_1,1469278379855037069,2.0,2018.0,6000.0,1.6,0.0,0.0
1469278379855037183_1,1469278379855037183,,2011.0,2500.0,0.7,0.0,0.0
1469278379855037071_1,1469278379855037071,2.0,2015.0,3000.0,1.0,0.0,0.0
1469278379855036960_1,1469278379855036960,,2018.0,2500.0,0.6,0.0,0.0
1469278379855036960_2,1469278379855036960,,2016.0,2500.0,0.6,0.0,0.0
1469278379855036789_1,1469278379855036789,,2016.0,3500.0,1.0,0.0,0.0
1469278379855037002_1,1469278379855037002,,2011.0,3500.0,1.0,0.0,0.0
1469278379855036719_1,1469278379855036719,,,,,,
1469278379855036643_1,1469278379855036643,,,,,,
1469278379855009751_1,1469278379855009751,,2009.0,4000.0,1.0,,
1469278379855004455_1,1469278379855004455,,2010.0,6000.0,1.5,0.0,0.0
1469278379855004533_1,1469278379855004533,,,,,,
1469278379855040784_1,1469278379855040784,2.0,1998.0,4000.0,1.0,0.0,0.0
1469278379855004487_1,1469278379855004487,,,,,,
1469278379855038127_1,1469278379855038127,,,,,,
1469278379855004451_1,1469278379855004451,,,,,,
1469278379854782766_1,1469278379854782766,2.0,2000.0,12000.0,2.0,0.0,0.0
1469278379854782766_2,1469278379854782766,3.0,2000.0,12000.0,2.0,0.0,0.0
