entity_id,1st_main_cash_crop_-_volume_amount,2nd_main_cash_crop_-_volume_amount,1st_cash_crop_family_labor_(days/year)_-_other_family_members,2nd_cash_crop_family_labor_(days/year)_-_other_family_members,livestock_family_labor_(days/year)_-_male
7955439997587190375,,,,,
7955439997588533131,,,,,
7955439997587190373,,,,,
7955439997587190702,,,,,
7955439997588533366,,,,,
7955662907713785526,,,,,
7955439997587190374,,,,,
7955439997588533423,,,,,
7955439997588534114,,,,,
1470157558628970564,,,,,
1470157558628970682,,,,,
7955439997587190925,,,,,
7955439997588533148,,,,,
7955439997588534184,,,,,
7955439997587191908,,,,,
7955439997587190737,,,,,
7955439997587191763,,,,,
7955439997588533098,,,,,
7955439997588534133,,,,,
7955439997588534047,,,,,
7955439997587190716,,,,,
7955439997588534040,,,,,
7955439997587190950,,,,,
7955439997588534414,,,,,
7955439997587190875,,,,,
7955439997588534076,,,,,
7955439997588534797,,,,,
7955439997587191837,,,,,
7955439997587190728,,,,,
7955439997587191871,,,,,
7955439997574930177,,,,,
1470157558628970660,,,,,
1470157558628971470,,,,,
1470157558628970593,,,,,
7955439997588532733,,,,,
7955439997588531222,,,,,
7955439997588532551,,,,,
7955439997587191514,,,,,
7955439997588532550,,,,,
7955439997588531529,,,,,
1470157558628971395,,,,,
7955439997587191230,,,,,
7955439997587191483,,,,,
7955439997588533036,,,,,
7955439997587191421,,,,,
7955439997588531667,,,,,
7955439997588532513,,,,,
1469278379854639612,,,,,
7955439997588531550,,,,,
7955439997587191563,,,,,
7955439997588532792,,,,,
1470157558628971521,,,,,
1469278379854639842,,,,,
7955439997588531824,,,,,
7955439997587191503,,,,,
7955439997588531538,,,,,
7955439997587191442,,,,,
1469278379854642005,,,,,
1469278379854638829,,,,,
7955439997588532350,,,,,
1469278379854642038,,,,,
1469278379854639857,,,,,
1469278379854639545,,,,,
1469278379854638528,,,,,
7955439997587191557,,,,,
7955439997587191538,,,,,
7955439997588531463,,,,,
1470157558628971345,,,,,
1470157558628971333,,,,,
1470157558628971504,,,,,
1470157558628971146,,,,,
7955662907712541052,,,,,
1469592163271953811,,,,,
7955439997588532710,,,,,
1470157558628971174,,,,,
7955439997586893348,,,,,
1470157558628971355,,,,,
7955439997588532722,,,,,
7955439997587861178,,,,,
1469592163271965499,,,,,
1470157558628971176,,,,,
1470002575956820699,,,,,
1470002575956820686,,,,,
1469592163271959049,,,,,
1470002575945831593,1400.0,,60.0,,
7955439997588531757,,,,,
7955439997588531874,,,,,
1469592163271958111,,,,,
1470157558628970924,,,,,
7955439997587190116,,,,,
7955439997587191402,,,,,
1470002575936435263,,,,,
1470157558628971093,,,,,
7955439997587190147,,,,,
7955439997588531440,,,,,
7955439997588531450,,,,,
1469278379854639715,,,,,
1469592163271958912,,,,,
7955439997587191409,,,,,
1470157558628970921,,,,,
7955439997588531832,,,,,
1469278379854640110,,,,,
1469592163271960708,,,,,
7955439997587191207,,,,,
1469592163271951997,,,,,
1470157558628970896,,,,,
7955439997588531563,,,,,
7955439997588532899,,,,,
1470002575945833344,1300.0,0.0,82.0,50.0,
1469278379854639326,,,,,
7955439997587191060,,,,,
7955439997588531891,,,,,
7955439997587191373,,,,,
1469278379854638739,,,,,
1469278379854639968,,,,,
7955439997588531558,,,,,
7955439997588531867,,,,,
1469278379854640124,,,,,
7955439997588531920,,,,,
1469278379854638754,,,,,
7955439997588531331,,,,,
7955439997588532906,,,,,
1469278379854639226,,,,,
7955439997587190093,,,,,
7955439997588531881,,,,,
7955439997587191099,,,,,
1469278379854639404,,,,,
1469278379854639388,,,,,
1469278379854640050,,,,,
1469278379854639391,,,,,
7955439997587191196,,,,,
7955439997587191197,,,,,
1469569898290015317,250.0,50.0,0.0,0.0,
1469569898290012844,,,,,
7955439997588499919,,,,,
1469592163271956852,,,,,
1469592163271951725,,,,,
1469592163271956462,,,,,
1469592163271957083,,,,,
7955439997586893337,,,,,
1469592163271956239,,,,,
1469592163271953346,,,,,
1469592163271962809,,,,,
1470002575956820720,,,,,
1469278379854638178,,,,,
1469592163271955629,,,,,
7955662907699201166,,,,,80.0
1469592163271950828,,,,,
1469592163271957097,,,,,
1469592163271951095,,,,,
1469278379854641211,,,,,
1469592163271956611,,,,,
1469592163271963493,,,,,
1469278379854638152,,,,,
1469278379854638436,,,,,
1469592163271959589,,,,,
1470002575936435740,,,,,80.0
7955439997582550302,,,,,
1469278379854641116,,,,,
1469278379854638382,,,,,
1469278379854638630,,,,,
1469278379854638126,,,,,
1469278379854641156,,,,,
1469278379854639111,,,,,
1469592163271957294,,,,,
1469592163271965074,,,,,
1469278379854640290,,,,,
7955439997587189758,,,,,
1469592163271960824,,,,,
1470002575936436099,,,,,
1469592163271957765,,,,,
7955439997587189849,,,,,
1470002575936436118,,,,,
7955439997587189752,,,,,
1469592163271961328,,,,,
1469592163271955386,,,,,
1469592163271950946,,,,,
1469592163271962961,,,,,
1469592163271952673,,,,,
1469592163271965977,,,,,
1469592163271964771,,,,,
7955439997587189658,,,,,
1469278379854641295,,,,,
1470002575936435286,,,,,
1469592163271951964,,,,,
1469278379854640582,,,,,
1469592163271962850,,,,,
7955439997587189540,,,,,
1470002575936435604,,,,,
1469278379854641485,,,,,
1469592163271958136,,,,,
1469278379854640621,,,,,
1469278379854641488,,,,,
1469278379854640852,,,,,
7955439997587189937,,,,,
7955439997587189640,,,,,
1469278379854641463,,,,,
1469278379854640901,,,,,
7955439997587189712,,,,,
1469883818362504507,,,,,
7955439997587189936,,,,,
7955662907702140009,,,,,
1470002575936435612,0.0,,10.0,,
7955662907702140000,,,,,
7955439997587187586,,,,,
7955439997587861513,,,,,
1469592163271957427,,,,,
7955662907699200862,,,,,
1470002575956820610,,,,,
7955439997587861298,,,,,
1469592163271961683,,,,,
1470002575956820727,,,,,
1469592163271961684,,,,,
7955439997582550081,,,,,
1470002575956820200,,,,,
7955439997587187540,,,,,
7955662907699200876,,,,,
1469569898290009880,450.0,150.0,0.0,0.0,15.0
7955439997587861424,,,,,
1469278379854642324,,,,,
7955439997587187356,,,,,
1469278379854641057,,,,,
7955439997587187544,,,,,
1470002575956820627,,,,,
1469278379854640984,,,,,
1469592163271951560,,,,,
7955439997587188056,,,,,
1470002575956820202,,,,,
1470002575943383722,,,,,
1469278379854642347,,,,,
7955439997587187549,,,,,
1469278379854642365,,,,,
1470002575956821012,,,,,
1470002575956820600,,,,,
1469278379854641969,,,,,
1469278379854642733,,,,,
7955439997587187267,,,,,
7955439997587188186,,,,,
1469278379854639479,,,,,
1469278379854642319,,,,,
1469278379854639435,,,,,
1470002575945819824,,,,,
7955439997587188145,,,,,
1469278379854642851,,,,,
7955439997587187472,,,,,
1469278379854641597,,,,,
1470002575936436326,,,,,
1469569898290010106,,,,,
7955439997586893418,,,,,30.0
7955439997586893364,,,,,
1469569898290010214,500.0,,0.0,,
1469592163271951570,,,,,
7955439997587187760,,,,,
7955439997587861340,,,,,
7955439997587861442,,,,,
7955662907699201217,,,,,
1469592163271960794,,,,,
1469592163271963032,,,,,
1470002575956820617,,,,,
7955439997587187832,,,,,
7955439997587187280,,,,,
7955439997587187247,,,,,
7955439997587188514,,,,,
1470002575936435583,,,,,
7955439997587861354,,,,,
7955439997587187827,,,,,
7955439997587186973,,,,,
7955439997587861406,,,,,
1469883818362504473,,,,,
1470002575936436257,,,,,
1469592163271957438,,,,,
7955439997587189228,,,,,
7955439997587861203,,,,,
7955439997587188907,,,,,
1469278379854641878,,,,,
1470002575956820249,,,,,
7955439997587861493,,,,,
1469278379854641900,,,,,
7955439997587187139,,,,,
7955439997587187613,,,,,
1470002575956820979,,,,,
1469278379854643034,,,,,
1470002575936435355,,,,,88.0
1469278379854642185,,,,,
1469278379854639161,,,,,
7955439997587188702,,,,,
7955439997587187880,,,,,
1470002575956820251,,,,,
7955439997587188844,,,,,
1469883818362504483,,,,,
7955439997587187136,,,,,
7955439997587189148,,,,,
1469278379854643307,,,,,
1469278379854643024,,,,,
1469278379854641788,,,,,
7955439997587187559,,,,,
7955439997587188709,,,,,
7955439997587187178,,,,,
7955439997587187424,,,,,
7955439997586893401,,,,,
1469883818362504470,,,,,
1469278379854642183,,,,,
1469278379854639106,,,,,
1469278379854641818,,,,,
1469278379854641822,,,,,
7955439997587189175,,,,,
7955439997587187892,,,,,
1469278379854642099,,,,,
1469278379854642607,,,,,
7955439997587188619,,,,,
1469278379854643075,,,,,
1469278379854638326,,,,,
7955439997587189408,,,,,
7955439997587189489,,,,,
7955439997587188391,,,,,
1469278379854638324,,,,,
7955439997587189422,,,,,
1470002575945833969,,,,,
7955439997587188484,,,,,
1470002575936435396,,,,,0.0
1469592163271952272,,,,,
1470002575956820233,,,,,
1470002575956820856,,,,,
1469278379854639019,,,,,
7955439997587187792,,,,,
7955439997587189287,,,,,
7955439997588499928,3000.0,,40.0,,
1470002575956820270,,,,,
1470002575943383713,,,,,
1470002575956820269,,,,,
1469278379854639028,,,,,
1470002575956820205,,,,,
1470002575956820810,,,,,
1470002575956820982,,,,,
1469278379854640648,,,,,
7955439997587188607,,,,,
7955439997587189347,,,,,
7955439997587187854,,,,,
7955439997587188091,,,,,
7955439997587188954,,,,,
1470002575936435487,,,,,
1470002575945833359,300.0,,63.0,,
1470002575945833431,867.0,,0.0,,
7955439997587188078,,,,,
1469278379854641425,,,,,
7955439997587188315,,,,,
7955439997587188300,,,,,
1469278379854640651,,,,,
7955439997587189307,,,,,
1469278379854640725,,,,,
7955439997587188503,,,,,
7955439997587189403,,,,,
1469278379854641423,,,,,
7955439997587189216,,,,,
1470002575945833159,2800.0,6000.0,180.0,40.0,
7955439997588499930,8855.0,10420.0,0.0,0.0,
1470002575945830604,900.0,0.0,80.0,0.0,
1470002575945830273,1000.0,0.0,0.0,0.0,
7955439997588499907,8500.0,,0.0,,10.0
1470002575945833244,,,,,
1470002575945831632,470.0,0.0,45.0,40.0,
1470002575945832945,3150.0,,0.0,,
7955439997588499925,2700.0,8500.0,120.0,150.0,15.0
1470002575945832928,600.0,5500.0,30.0,20.0,
1470002575936435961,,,,,
1470002575945825511,500.0,,65.0,,
1470002575936435935,,,,,
1470002575945823872,285.0,2500.0,90.0,90.0,
1470002575945825341,,,,,
1470002575945823889,432.0,2000.0,60.0,90.0,
1470002575945833708,9500.0,,0.0,,8.0
1470002575936435249,,,,,70.0
1470002575945833136,6000.0,13500.0,0.0,0.0,30.0
1470002575945825366,590.0,,85.0,,
1470002575945823997,1500.0,4500.0,144.0,72.0,
1470002575945823969,700.0,3000.0,120.0,60.0,
1470002575945824004,650.0,2750.0,120.0,60.0,
7955439997588499906,2300.0,14000.0,120.0,90.0,0.0
1470002575945833036,3334.0,10800.0,30.0,30.0,
1470002575936436150,3128.0,,42.0,,
7955439997586686982,,,,,
7955439997587858581,5000.0,,0.0,,
7955439997586685654,,,,,
7955439997586686224,,,,,
7955439997586686034,,,,,
1470002575945824835,2500.0,,0.0,,5.0
1470002575945831979,,,,,
7955439997586683824,,,,,
1470002575945824820,1900.0,,75.0,,10.0
1470002575945832265,,,,,
7955662907699201219,,,,,
7955439997588499917,300.0,,10.0,,35.0
1470002575945824728,800.0,18000.0,0.0,0.0,
7955439997587859399,,,,,
1470002575945832312,,,,,
7955439997587859266,,,,,
1470002575945824747,1200.0,,60.0,,12.0
1470002575945829101,700.0,,0.0,,
7955439997587861655,,,,,
1470002575936435237,,,,,
1470002575945824656,8500.0,31600.0,45.0,0.0,
7955439997587859262,,,,,
7955439997586685516,,,,,
1470002575945828932,580.0,,120.0,,
7955439997587861897,,,,,
1470002575945832607,,,,,
7955439997587858571,,,,,
7955439997586683478,,,,,
1470002575945828928,900.0,,120.0,,
7955439997586686976,,,,,
7955439997586682514,,,,,
1470002575945829054,,,,,
1470002575936435504,,,,,
7955439997588499920,,,,,
1470002575945832187,150.0,,0.0,,
7955439997586683823,,,,,
7955439997586685614,,,,,
7955439997586683835,,,,,
1470002575945829050,500.0,,0.0,,
7955439997586683527,,,,,
7955439997586685626,,,,,
7955439997586685606,,,,,
7955439997586687148,,,,,
1470002575945832546,,,,,
7955439997586683882,,,,,
7955439997586683830,,,,,
1470002575945825121,1000.0,100.0,60.0,0.0,
7955439997587191885,,,,,
7955439997586682705,,,,,
7955439997586682617,,,,,
1469278379854783002,,,,,
1470002575945824237,800.0,,60.0,,
1470002575945832320,,,,,45.0
1470002575945831791,500.0,,55.0,,
1469569898290016373,,,,,
7955439997587858689,,,,,
7955439997587861810,,,,,
7955439997587858579,,,,,
7955439997588499923,,,,,
7955439997587861523,,,,,
1470002575945824211,,,,,
1470002575936436071,,,,,
7955439997587861809,,,,,
1470002575936436536,,,,,100.0
1470002575936436077,,,,,
1470002575945824248,400.0,80.0,45.0,0.0,12.0
7955439997587861797,,,,,
7955439997587858781,,,,,
7955439997587859520,,,,,
1470002575945830218,300.0,,144.0,,
1470002575936436408,,,,,
7955439997587861803,,,,,
7955439997587858782,,,,,
7955439997587858783,900.0,,0.0,,
1470002575945830208,2000.0,7000.0,0.0,45.0,200.0
1470002575936436490,,,,,
7955439997587861542,,,,,
7955439997586686569,,,,,
7955439997586686316,,,,,
7955439997586686866,,,,,
1469569898290017071,,,,,
1470002575936435477,,,,,100.0
1470002575945824126,850.0,,210.0,86.0,
7955439997586686740,,,,,
7955439997586687105,,,,,
7955439997586683590,,,,,
7955439997586686349,,,,,
7955439997586686336,,,,,
1470002575945824137,380.0,39600.0,0.0,0.0,0.0
7955439997586683745,,,,,
7955439997586683800,,,,,
1470002575945820730,1500.0,3000.0,144.0,144.0,
1470002575945820721,150.0,2500.0,120.0,0.0,
1470002575945820514,1500.0,3000.0,144.0,60.0,
1470002575945820699,1000.0,2200.0,90.0,72.0,
1470002575945820700,1775.0,,90.0,,
7955439997586683917,,,,,
7955439997587858948,,,,,
7955439997587859291,,,,,
7955439997587859303,,,,,
7955439997587861817,,,,,
1470002575936436177,,,,,
1469592163271953933,,,,,
7955439997587861821,60000.0,160.0,0.0,0.0,
7955439997586685538,,,,,
7955439997587859255,,,,,
7955439997586685609,,,,,
7955439997586685534,,,,,
7955439997586685523,,,,,
7955439997586682819,,,,,
7955439997586683852,,,,,
7955439997586683333,,,,,
7955439997586683356,,,,,
7955439997587861580,200.0,20.0,30.0,24.0,
7955439997586685525,,,,,
7955439997587859293,,,,,
7955439997587861583,,,,,
7955439997587859254,,,,,
7955439997586683809,,,,,
7955439997586682605,,,,,
7955439997586685521,,,,,
7955439997586685578,,,,,
7955439997586685572,,,,,
7955439997586683130,,,,,
7955439997586683279,,,,,
1470002575945812171,1400.0,,40.0,,
1470002575945830830,,4310.0,,90.0,0.0
7955439997587861952,0.0,,0.0,,
7955439997587861658,,,,,
7955439997587859024,,,,,
7955439997587858967,,,,,
7955439997587859369,,,,,
7955439997587858973,,,,,
1470002575936435132,,,,,
1470002575936435880,,,,,
1470002575945830814,400.0,2100.0,80.0,70.0,
7955439997587858984,,,,,
7955439997587859375,,,,,
7955439997587861731,,,,,
7955439997587858965,,,,,
7955439997586686609,,,,,
7955439997587861676,,,,,
7955439997586683241,,,,,
7955439997586686673,,,,,
7955439997586686506,,,,,
7955439997586682558,,,,,
7955439997586683265,,,,,
7955439997586686414,,,,,
7955439997586683710,,,,,
7955439997586686335,,,,,
7955439997586686422,,,,,
7955439997586683616,,,,,
7955439997586682824,,,,,
1470002575936435795,,,,,
7955439997586686460,,,,,
7955439997586686432,,,,,
7955439997586682508,,,,,
7955439997586686803,,,,,
7955439997586683656,,,,,
7955439997586683737,,,,,
7955439997586683610,,,,,
1470002575945834348,1600.0,9030.0,60.0,90.0,
1470002575945834446,600.0,13653.0,80.0,80.0,
1470002575945814803,300.0,,10.0,,
7955439997588499915,1000.0,5390.0,90.0,70.0,
1470002575945814982,7100.0,,0.0,,
1470002575945814890,3200.0,,0.0,,12.0
7955439997588499931,160.0,8580.0,50.0,85.0,
1470002575945814969,2600.0,,0.0,,15.0
7955439997586687009,,,,,
1470002575945820046,,,,,
7955439997587859129,,,,,
1470002575936435898,,,,,
1470002575936436517,,,,,
1470002575936435758,,,,,
7955439997587859240,,,,,
7955439997587858997,,,,,
7955439997587859142,,,,,
7955439997587861834,,,,,
7955439997586684224,,,,,
7955439997586684402,,,,,
1470002575936435762,,,,,
7955439997587861836,,,,,
7955439997586685294,,,,,
7955439997587861981,,,,,
7955439997586684109,,,,,
1470002575945814185,594.0,0.0,144.0,121.0,
7955439997586685268,,,,,
7955439997586684553,,,,,
7955439997586684659,,,,,
7955439997588499918,96.11,0.0,0.0,0.0,
1470002575945820183,1000.0,0.0,90.0,90.0,
1470002575945820232,500.0,,120.0,,
1470002575945831209,200.0,2000.0,15.0,70.0,
1470002575945821818,200.0,,62.0,,
1470002575945820296,1080.0,,121.0,,15.0
1470002575945815007,2300.0,,120.0,,5.0
1470002575945821447,2100.0,0.0,62.0,50.0,
1470002575945821695,136.0,,0.0,,
7955439997587859448,,,,,
7955439997587861603,750.0,,0.0,,
7955439997588499939,1500.0,3000.0,120.0,121.0,
1470002575945821438,800.0,2000.0,60.0,65.0,
1470002575936435630,,,,,
1470002575945821998,,,,,
7955439997587859136,,,,,
1470002575971475906,,,,,
7955439997587859027,,,,,
7955439997587862014,,,,,
7955439997587858742,,,,,
1470002575945822051,600.0,428.57,30.0,20.0,30.0
7955439997587859141,,,,,
1470002575945831092,1257.0,3180.0,90.0,70.0,
7955439997587859107,,,,,
7955439997586687088,,,,,
7955439997586686647,,,,,
7955439997587858733,,,,,
1470002575945821562,3000.0,,70.0,,
1470002575936436249,2727.0,3036.0,0.0,25.0,
7955439997586685138,,,,,
7955662907698966679,,,,,
7955439997586682836,,,,,
7955439997586686722,,,,,
1470002575936436421,,,,,
7955439997587861876,,,,,
7955439997586687069,,,,,
7955439997586686719,,,,,
7955439997586682939,,,,,
7955439997586685387,,,,,
7955439997587861604,,,,,
7955439997588499911,300.0,3400.0,15.0,80.0,
7955439997586687040,,,,,
7955439997586685423,,,,,
7955439997586682840,,,,,
7955439997586686813,,,,,
7955439997586682812,,,,,
1470002575945815003,7500.0,,156.0,,
7955439997587861601,,,,,
1470002575945815087,3700.0,,110.0,,5.0
1470002575936435772,,,,,
7955439997587861988,,,,,
7955439997587858719,,,,,
1470002575945831170,,3000.0,,70.0,20.0
7955439997586684321,,,,,
1470002575945831148,530.0,4020.0,80.0,75.0,
1470002575936435133,,,,,
7955439997587862009,120.0,250.0,15.0,2.0,
1470002575936435236,,,,,
7955439997587859456,,,,,
7955439997587858813,,,,,
7955439997586683732,,,,,
7955439997586682476,,,,,
7955439997587858935,,,,,
7955439997586685204,,,,,
7955439997586687417,,,,,
1470002575945831179,260.0,13680.0,50.0,90.0,0.0
1470002575936435257,,,20.0,,85.0
7955439997586682282,,,,,
7955439997587861565,6000.0,,0.0,,
7955439997586683391,,,,,
7955439997586686490,,,,,
1470002575936435304,,,,,
7955439997587861692,,,,,
7955439997586682445,,,,,
1470002575945831182,,12000.0,,80.0,
7955439997586683384,,,,,
7955439997586682313,,,,,
7955439997586687403,,,,,
7955439997586685170,,,,,
7955439997586686902,,,,,
1470002575945831199,,12000.0,,80.0,0.0
1470002575936435636,,,,,
7955439997586683660,,,,,
7955439997586682325,,,,,
7955439997586686518,,,,,
1470002575945822283,1550.0,7000.0,110.0,50.0,
1470002575945812192,900.0,2600.0,144.0,90.0,
7955439997587861528,,,,,
7955439997588499922,570.0,4400.0,121.0,121.0,
1470002575945812036,975.0,,60.0,,30.0
1470002575945812052,500.0,,80.0,,40.0
1470002575945812038,1500.0,,30.0,,
7955439997587858916,,,,,
7955439997587858898,,,,,
7955439997587858859,,,,,
1470002575945812296,1300.0,0.0,121.0,90.0,21.0
1470002575945812552,600.0,,80.0,,
1470002575945812516,500.0,,90.0,,
1470002575945812217,200.0,0.0,0.0,90.0,
7955439997587858848,,,,,
7955662907699201292,,,,,
1470002575945812542,500.0,,64.0,,
7955439997587858815,,,,,
1470002575945812144,1000.0,,0.0,,
7955439997587861599,43200.0,,0.0,,
1470002575945812220,30.0,,0.0,,
1470002575945812316,1300.0,3000.0,0.0,0.0,15.0
1470002575936436602,,,,,
7955439997587858928,,,,,
7955439997587861600,1440.0,,0.0,,
1470002575945812559,500.0,,74.0,,
1470002575945815899,600.0,8000.0,54.0,21.0,5.0
7955662907699201046,,,,,
7955439997587861598,1200.0,,156.0,,
7955439997586685348,,,,,
7955439997587861596,,,,,
7955439997586684220,,,,,
7955439997588499913,,,,,
1470157558628971343,,,,,
1470157558628970818,,,,,
7955662907698966683,,,,,
1470157558628971463,,,,,
1470002575945831309,141.0,,0.0,,
7955662907699201300,5520.0,664.0,30.0,28.0,
7955439997586682278,,,,,
7955439997586682401,,,,,
7955439997586683546,,,,,
7955439997586686870,,,,,
1470002575945815975,700.0,3000.0,120.0,21.0,
7955439997586683574,,,,,
1470002575945831297,700.0,0.0,80.0,30.0,
7955439997586686851,,,,,
1470002575936435561,,,,,
7955439997586683386,,,,,
7955439997586687435,,,,,
1470002575945816025,800.0,1200.0,130.0,21.0,
7955439997586687533,,,,,
7955439997586682488,,,,,
7955439997586682311,,,,,
7955439997586683548,,,,,
7955439997586687130,,,,,
7955439997586687030,,,,,
1470002575945815954,500.0,100.0,0.0,0.0,
1470002575936436462,,,,,
1470157558628971323,,,,,
1470002575936436362,,,,,
1470002575936435364,,,,,
1470002575945831393,,0.0,,20.0,0.0
1470002575936435811,,,,,
1470002575945831447,,4000.0,,90.0,
1470002575945822264,160.0,,0.0,,15.0
7955439997586683395,,,,,
7955439997586687366,,,,,
7955439997586683672,,,,,
1470002575936436202,,,,,
7955662907699201042,,,,,120.0
1470002575945822274,105.0,,0.0,,12.0
7955439997586685205,,,,,
7955439997586685202,,,,,
1470002575936435833,,,,,
7955439997586687395,,,,,
7955439997586682271,,,,,
7955439997586685070,,,,,
7955439997586687372,,,,,
7955439997586685163,,,,,
7955439997586683603,,,,,
7955439997586687400,,,,,
7955439997586682403,,,,,
1470002575936436027,,,,,
7955439997586683570,,,,,
7955439997586683506,,,,,
7955439997585088377,,,,,
1470002575945822918,2400.0,3500.0,90.0,21.0,7.0
7955439997586683688,,,,,
7955439997586687516,,,,,
7955439997586686166,,,,,
1470002575945829848,2000.0,3000.0,20.0,20.0,
1470002575945830053,1000.0,,50.0,,
7955439997588499935,1500.0,4500.0,20.0,10.0,
1470002575945829741,1000.0,300.0,50.0,50.0,
1470002575945830076,1500.0,5000.0,80.0,30.0,
1470002575936436181,1288.0,,5.0,,
1470002575945829956,980.0,3300.0,288.0,144.0,
1470002575945829178,250.0,2200.0,144.0,120.0,15.0
7955439997586687475,,,,,
1470002575945830089,400.0,1000.0,80.0,30.0,90.0
7955439997586685669,,,,,
1470002575945829977,500.0,0.0,0.0,0.0,
1470002575945829161,,100.0,,45.0,
7955439997586682339,,,,,
1470002575936436430,1104.0,552.0,9.0,0.0,
1470002575945829351,2000.0,,90.0,,
1470002575945829459,1200.0,0.0,0.0,0.0,18.0
7955439997586683618,,,,,
1470002575945829970,530.0,,55.0,,
7955439997586685923,,,,,
7955439997586682259,,,,,
7955439997586683461,,,,,
7955439997586685935,,,,,
7955439997586687500,,,,,
7955439997586687354,,,,,
7955439997586682286,,,,,
7955439997586683467,,,,,
1470002575936435800,,,,,
7955439997586683653,,,,,
7955439997586683667,,,,,
1470002575945827521,800.0,,0.0,,
1470002575945826113,700.0,1000.0,57.0,30.0,
1469278379854782229,,,,,
1470002575945823188,2400.0,3000.0,120.0,30.0,7.0
1470002575945823560,,,,,
1470157558564695065,,,,,
1470002575945822966,1650.0,,130.0,,
1470002575945819598,600.0,7000.0,50.0,40.0,
1470002575945819604,1500.0,0.0,150.0,30.0,
1470002575945826851,500.0,500.0,50.0,50.0,
1470002575945819373,,,,,
1470002575945822925,3100.0,0.0,130.0,0.0,14.0
1470002575945823612,800.0,,120.0,0.0,
1469592163271958238,250.0,,15.0,,
1470002575945819884,2000.0,0.0,40.0,50.0,
1469592163271954699,,,,,
1469592163271956459,8750.0,,0.0,,
1470157558564695029,,,,,
1469592163271958696,3000.0,,90.0,,
1469278379855013201,,,,,
1470157558564694968,,,,,
1469592163271956517,6000.0,,0.0,,
1469278379855013711,,,,,
1469278379855013162,,,,,
1470157558564695503,,,,,
1469278379855013999,,,,,
1469278379855013178,,,,,
1469278379855013709,,,,,
1470157558564695302,,,,,
1469278379855013866,,,,,
1470157558564695246,,,,,
1469278379855014013,,,,,
1470002575945826812,,,,,
1470002575945815400,160.0,0.0,90.0,10.0,20.0
1470157558564696020,,,,,
1470157558564695015,,,,,
1470157558564695278,,,,,
1470157558564696048,,,,,
1470157558564694955,,,,,
1470157558564695316,,,,,
1469592163271966877,,,,,
1470002575956819287,1000.0,,0.0,,
1470002575936435666,4600.0,,40.0,,60.0
1469592163271966831,,,,,
1470002575945818784,,,,,
7955662907699201023,,,,,95.0
1470002575936435240,,,,,
1469592163271964379,,,,,
1469986569858493820,,,,,
1470002575945826389,1000.0,,60.0,,
1470002575945828681,,,315.0,105.0,
1470002575945815204,830.0,3300.0,30.0,10.0,0.0
1470157558564695670,,,,,
1470002575945818642,187.0,,30.0,,
1470157558564694951,,,,,
1470002575936435923,,,,,
1469278379855012351,,,,,
1469278379855012457,,,,,
7955662907699201188,,,,,50.0
1470157558564695696,,,,,
1469278379855013783,,,,,
1470002575956819423,300.0,,0.0,,
7955439997582573439,,,,,
7955439997582573418,,,,,
1470157558564695255,,,,,
1470002575936435348,6.0,,0.0,,10.0
1470157558564696083,,,,,
1469278379855009957,,,,,
1470002575945815356,2000.0,,30.0,,30.0
1470157558564695271,,,,,
7955662907699200979,,,,,
1469592163271951607,100.0,,0.0,,
1469592163271951933,800.0,,7.0,,
1470002575945827931,40.0,0.0,70.0,30.0,
1470157558564694924,,,,,
7955439997582573651,,,,,
1470002575956819417,,,,,
1470002575945826131,600.0,5000.0,85.0,65.0,
1469278379855013081,,,,,
1469278379855012250,,,,,
7955662907699201026,1518.0,10000.0,0.0,0.0,
1469278379855013134,,,,,
1470002575945826322,600.0,,70.0,,
1470157558564694907,,,,,
1469278379855009939,,,,,
1470002575945815250,800.0,0.0,30.0,10.0,30.0
1470157558564695463,,,,,
7955439997582573662,,,,,
7955439997582573336,,,,,
1470157558564694891,,,,,
1469278379855013106,,,,,
1469278379855013088,,,,,
1470157558564695244,,,,,
7955439997582573280,,,,,
1469278379855012632,,,,,
1470157558564696022,,,,,
1470002575936435710,,,,,
1470157558564695655,,,,,
1470157558564695976,,,,,
1470157558564695748,,,,,
1470157558564695621,,,,,
1470157558564694696,,,,,
1470157558564695719,,,,,
1470157558564695009,,,,,
1470157558564695323,,,,,
7955439997582573707,,,,,
7955439997582573750,,,,,
1470157558564695896,,,,,
7955662907699201170,,,,,
1470002575945826660,500.0,,60.0,,
1470157558564695510,,,,,
1469592163271962113,,,,,
1469592163271961656,,,,,
1470157558564696041,,,,,
1469592163271962434,,,,,
1470002575945826840,500.0,,60.0,,
1470157558564695528,,,,,
1470002575945828197,1700.0,,2.0,,
1469592163271963764,,,,,
1470157558564695683,,,,,
1469592163271963897,,,,,
1469592163271956708,,,,,
1470157558564695362,,,,,
7955662907699201181,,,,,
1469592163271957049,,,0.0,0.0,
1470157558564694762,,,,,
1470157558564695971,,,,,
1469278379855004484,,,,,
7955439997582573852,,,,,
1469592163271966208,,,,,
1470157558564694892,,,,,
1470157558564694811,,,,,
1470002575936435544,,,,,
1469592163271962452,,,,,
7955439997587860139,,,,,
1469883818362504929,,,,,
7955439997582574258,,,,,
1469592163271951077,,,,,
1470157558564695361,,,,,
1469278379855011999,,,,,
7955439997582573897,,,,,
1470002575945820006,1600.0,,50.0,,
1470157558564695454,,,,,
1470157558564695955,,,,,
1470002575945819969,1000.0,,40.0,,
1469278379855012134,,,,,
1470157558564695707,,,,,
1469278379855012195,,,,,
1470157558564695072,,,,,
1469278379855012035,,,,,
1470157558564695386,,,,,
1469278379855012093,,,,,
1469278379855012118,,,,,
7955439997582574177,,,,,
7955439997582573822,,,,,
7955439997582573782,,,,,
1470157558564695154,,,,,
1470002575945823122,5000.0,,150.0,,
1470002575945819961,1500.0,11000.0,90.0,90.0,30.0
1470002575945819631,1000.0,1800.0,30.0,0.0,150.0
1470157558564695090,,,,,
1470157558564695774,,,,,
1470157558564695579,,,,,
1470002575956819449,,,,,
1470002575945819649,900.0,3300.0,30.0,10.0,
1470157558564695134,,,,,
7955662907699201205,,,,,
1470002575945819562,1200.0,6600.0,120.0,48.0,21.0
1470157558564695932,,,,,
1470002575945819418,1000.0,0.0,120.0,0.0,
1470157558564695567,,,,,
1470002575945819660,700.0,0.0,144.0,120.0,21.0
7955439997587862079,,,,,
1470002575945820030,1000.0,,50.0,,
1470157558564695201,,,,,
1470002575936435220,,,,,
1469592163271957710,,,,,
1470002575945819650,800.0,4000.0,30.0,0.0,25.0
1469592163271952064,,,,,
7955439997582573679,,,,,
1470157558564695836,,,,,
1470002575945819662,1000.0,10000.0,60.0,144.0,
1469592163271965018,,,,,
1469592163271960033,,,,,
7955439997582573772,,,,,
1470002575945819639,2500.0,,30.0,,225.0
1469278379855009862,,,,,
1469592163271954845,,,,,
7955439997582574029,,,,,
1469278379855012981,,,,,
1469278379855009801,,,,,
1470157558564695571,,,,,
1470002575956821719,,,,,
1470002575945823060,2100.0,1800.0,50.0,20.0,
1470002575945819573,1700.0,,70.0,,
1470157558564695188,,,,,
1470002575945819447,2000.0,,45.0,,
1470002575945819474,,,,,
1470002575945819886,0.0,,30.0,,
7955439997582573956,,,,,
1470002575945819673,1000.0,9900.0,144.0,144.0,40.0
1470157558564695798,,,,,
1470002575945819865,500.0,0.0,30.0,30.0,
1469592163271962078,,,,,
1470002575945819565,600.0,0.0,30.0,30.0,
1469278379855012956,,,,,
1470002575945819340,1500.0,300.0,0.0,0.0,
1469278379855012979,,,,,
7955439997582574083,,,,,
7955439997582573380,,,,,
1469592163271965242,,,,,
1469278379855012901,,,,,
1470157558564695151,,,,,
1469592163271953490,80.0,,0.0,,
7955439997583324761,,,,,
1470157558564695800,,,,,
7955439997583324905,,,,,
1469278379855012971,,,,,
1469278379855009787,,,,,
1470157558564696089,,,,,
7955439997582573354,,,,,
1469278379855009791,,,,,
7955662907699200965,,,,,
7955439997582574093,,,,,
7955439997582573959,,,,,
1469278379855012985,,,,,
7955439997583325890,,,,,
7955439997583325089,,,,,
7955439997583325665,,,,,
7955439997583325143,,,,,
1469592163271954239,,,,,
7955439997583325117,,,,,
1469592163271962263,,,,,
1469592163271956653,,,,,
1469592163271962368,,,,,
1469592163271958337,6000.0,1500.0,16.0,15.0,25.0
7955439997583325939,,,,,
7955439997583325875,,,,,
7955439997583325325,,,,,
7955439997583325348,,,,,
1470002575956821870,,,,,
1469278379855013358,,,,,
1469278379855013404,,,,,
1470002575956819363,100.0,,0.0,,
1469278379855014583,,,,,
1470002575956821868,,,,,
1469592163271956256,,,,,
7955439997582576310,,,,,
1469278379855014611,,,,,
7955439997582576316,,,,,
7955439997583325744,,,,,
1470002575956819390,,,,,
7955439997582573318,,,,,
1470002575945827273,,,,,
7955439997583325269,,,,,
1469592163271955087,,,,,
1470002575956821872,,,,,
1470002575945828406,,,,,
7955439997582573554,,,,,
1469278379855014591,,,,,
1469278379855014596,,,,,
7955439997583325231,,,,,
7955439997582576323,,,,,
1469278379855013918,,,,,
7955439997583325840,,,,,
7955439997583325960,,,,,
1469278379855013924,,,,,
7955439997582576288,,,,,
7955439997582573292,,,,,
7955439997582573484,,,,,
7955439997583324735,,,,,
7955439997583324753,,,,,
1470002575945827397,,,,,
1470002575945827251,,,,,
1470002575956819375,200.0,,0.0,,
1469592163271956426,,,,,
7955439997587860171,,,,,
1470002575956819248,,,,,
1469883818362505080,,,,,
1469592163271956428,,,,,
1469278379855005426,,,,,
7955439997587860166,,,0.0,,
7955439997586929225,,,,,
1469883818362505012,,,,,
7955439997583324848,,,,,
1469278379855014451,,,,,
1470002575956819361,120.0,,2.0,,
7955439997583325860,,,,,
7955439997583325094,,,,,
1469278379855014731,,,,,
7955439997583325804,,,,,
1469592163271961931,,,,,
7955439997587862108,,,,,
1470002575956819246,,,,,
7955439997586929229,,,,,
7955439997583325072,,,,,
7955439997583325682,,,,,
7955439997583325716,,,,,
7955439997583325714,,,,,
7955439997583325743,,,,,
7955439997583325814,,,,,
1469278379855014657,,,,,
1469883818362505040,,,,,
7955439997583325136,,,,,
7955439997583325568,,,,,
1469278379855008683,,,,,
1469278379855004461,,,,,
1469278379854783274,,,,,
1470002575945828365,,,,,
7955439997588499916,2300.0,,100.0,,
1470002575945823114,1300.0,5000.0,70.0,35.0,15.0
1470002575945827988,0.0,,0.0,,48.0
1470002575945827721,600.0,,0.0,,90.0
1470002575945823466,618.0,0.0,80.0,21.0,12.0
1470002575945827252,,,,,
7955439997588499934,979.0,,60.0,,
1469592163271962897,,,,,
1470002575945828569,450.0,,0.0,,18.0
1470002575945827587,,,,,
1470002575945826888,,,,,
1470002575945818823,680.0,,30.0,,
1470002575945827224,300.0,,0.0,,
1470002575945818760,200.0,,30.0,,
1470002575945828561,,,,,
1470002575945818801,500.0,,20.0,,
1470002575945827204,146.0,,50.0,,
1470002575945828048,,,,,
1470002575945827286,1500.0,0.0,0.0,0.0,18.0
1470002575945828609,,,,,
1470002575945818838,,,,,
1469592163271960926,,,,,
1470002575945818836,300.0,,30.0,,
1470002575945818802,,,,,
1470002575945828565,,,,,
1470002575945826896,,,,,
1470002575945818829,156.0,,30.0,,
1470002575945818758,,,,,
1470002575945818732,500.0,,60.0,,
1470002575945818664,1500.0,,60.0,,
1470002575945828612,2300.0,0.0,75.0,0.0,
1470002575945827111,,1000.0,,0.0,
1470002575956819629,30.0,,80.0,,
1470002575945828452,2200.0,,0.0,,
1469592163271955139,100.0,,5.0,,
1469592163271962843,,,,,
7955439997583325208,,,,,
7955439997587382970,,,,,
1469592163271960239,,,,,
7955439997583325326,,,,,
1470002575945818641,,,,,
7955439997583325028,,,,,
7955439997583325019,,,,,
7955439997587382976,,,,,
1470002575945828346,1600.0,300.0,0.0,0.0,25.0
1470002575945827564,400.0,,40.0,,
7955439997583325633,,,,,
7955439997583325183,,,,,
7955439997583325017,,,,,
1470002575945818674,230.0,0.0,50.0,0.0,
1469278379855014057,,,,,
1470002575945827296,315.0,,40.0,,
1469278379855014078,,,,,
7955439997583324983,,,,,
7955439997587382630,,,,,
7955439997586929230,,,,,
7955439997586929227,,,,,
7955439997583324930,,,,,
1470002575945827301,60.0,0.0,0.0,0.0,
1470002575945827192,,,,,
1470002575945818819,,,,,
1470002575945827882,0.0,,40.0,,
7955439997583325318,,,,,
1470002575956819661,,,,,
7955439997587382959,,,,,
7955439997587382605,,,,,
7955439997583324994,,,,,
7955439997586929231,,,,,
1470002575945826974,0.0,0.0,40.0,40.0,
1469278379855014157,,,,,
1469278379855008618,,,,,
1469278379855014171,,,,,
1470002575945827026,,,,,
7955439997587382927,,,,,
7955439997587382872,,,,,
7955439997587382925,,,,,
7955439997583324819,,,,,
7955439997587382625,,,,,
1470002575945818834,,,,,
7955439997583324912,,,,,
7955439997583324962,,,,,
1470002575945827703,278.0,21333.0,25.0,48.0,
7955662907700729406,,,,,
7955439997583325219,,,,,
7955439997583923973,,,,,
7955439997587382532,,,,,
7955439997587382600,,,,,
7955439997587382546,,,,,
7955439997587382711,,,,,
7955439997587859950,,,,,
7955439997587382536,,,,,
7955439997587382655,,,,,
7955439997587382663,,,,,
7955439997587382733,,,,,
7955439997583324831,,,,,
7955439997583325281,,,,,
7955439997583324824,,,,,
7955439997587382477,,,,,
1469278379855004689,,,,,
7955439997583324839,,,,,
1469278379855004656,,,,,
7955439997587382726,,,,,
7955439997583325030,,,,,
1469278379855004745,,,,,
7955439997583324818,,,,,
7955439997583324802,,,,,
7955662907700729410,,,,,
7955439997587382343,,,,,
7955662907700729413,,,,,
1469278379855008981,,,,,
7955439997587382427,,,,,
7955439997587382139,,,,,
1469278379855008968,,,,,
7955439997583325445,,,,,
1469278379855004642,,,,,
7955439997583324837,,,,,
7955439997587382715,,,,,
1469592163271952223,0.0,,0.0,,
1469278379855004669,,,,,
1469278379855008939,,,,,
7955439997587382313,,,,,
7955439997587382181,,,,,
1469278379855004819,,,,,
1469278379855004566,,,,,
7955439997583325662,,,,,
7955439997583325550,,,,,
7955439997587382064,,,,,
7955439997587382070,,,,,
7955439997587382394,,,,,
7955439997587382084,,,,,
7955439997587382420,,,,,
7955439997583325134,,,,,
1469592163271960051,,,,,
7955439997583325172,,,,,
1469592163271966521,,,,,
1469592163271964201,,,,,
7955439997583324884,,,,,
1469278379854782992,,,,,
7955439997583324780,,,,,
1469592163271966522,,,,,
7955439997587381838,,,,,
1469592163271963224,,,,,
7955439997587382142,,,,,
7955439997583325179,,,,,
1469278379855014870,,,,,
1469278379855014850,,,,,
1469883818362505065,,,,,
1469883818362505068,,,,,
7955439997587381878,,,,,
1469592163271960747,100.0,,0.0,,
7955439997583324878,,,,,
7955439997583324795,,,,,
1469592163271962153,,,,,
1469278379854677088,,,,,
1469278379854782863,,,,,
7955439997587382117,,,,,
7955439997583325440,,,,,
1469278379855009149,,,,,
1469592163271958226,,,,,
7955439997583325175,,,,,
1469278379854677048,,,,,
1469883818362504748,,,,,
1469278379855009107,,,,,
7955439997587382012,,,,,
7955439997583325040,,,,,
1469278379855009143,,,,,
1469278379855008909,,,,,
1469278379854782933,,,,,
1469278379855008896,,,,,
7955439997587382020,,,,,
1469278379854781842,,,,,
1469278379854781834,,,,,
1469278379854782526,,,,,
1469278379854677051,,,,,
7955439997587382011,,,,,
7955439997583325486,,,,,
1469592163271960777,,,,,
7955662907700729414,,,,,
7955439997587381699,,,,,
7955439997587381677,,,,,
7955439997587381683,,,,,
7955439997587381706,,,,,
7955439997587381932,,,,,
1470002575956819706,,,,,
7955439997587860202,,,,,
1469592163271967037,,,0.0,,
1469278379855005004,,,,,
1469278379855008262,,,,,
1469278379855005101,,,,,
1469278379854782145,,,,,
7955439997587381805,,,,,
1469278379855008401,,,,,
1469278379854782199,,,,,
1469278379854783032,,,,,
1469278379854782215,,,,,
1469592163271954209,60.0,,0.0,,
1469592163271960616,,,,,
7955439997587381884,,,,,
1469278379855008269,,,,,
7955439997587381959,,,,,
1469592163271964117,34.0,,0.0,,
1469278379855008124,,,,,
1469278379854783035,,,,,
1469592163271966530,,,,,
7955439997587381889,,,,,
1469278379855008060,,,,,
1469278379854782985,,,,,
1469278379854782123,,,,,
1469278379854781877,,,,,
1469278379855008816,,,,,
1469278379855008041,,,,,
1469278379855008072,,,,,
1469278379855008812,,,,,
7955439997587381722,,,,,
7955439997587381774,,,,,
1469278379854782996,,,,,
1469883818362504719,,,,,
1469883818362504819,,,,,
7955439997587381738,,,,,
1469592163271956842,,,,,
1469278379854782474,,,,,
1469278379854783171,,,,,
1469278379855005184,,,,,
1469592163271956798,,,,,
1469592163271962268,150.0,,0.0,,
1470002575956819221,30.0,,,,
1469278379855008161,,,,,
1469278379854782782,,,,,
1469278379855004922,,,,,
1469278379854782076,,,,,
1469592163271958267,,,,,
1470002575956819604,60.0,,0.0,,
1470002575956819603,,,,,
1469592163271958257,100.0,,0.0,,
1469278379855008350,,,,,
1469278379854782109,,,,,
1469592163271960170,60.0,,0.0,,
1469278379855004915,,,,,
1469278379855004992,,,,,
1469883818362504808,,,,,
1469278379855004968,,,,,
1469278379855008417,,,,,
1469278379855008436,,,,,
1469278379854782492,,,,,
1469883818362504791,,,,,
1469278379854782092,,,,,
1469278379855005215,,,,,
7955439997587860220,,,,,
1469592163271967068,,,,,
7955439997587860204,,,,,
1469592163271966489,,,0.0,,
1469592163271960069,,,,,
1469592163271963217,,,,,
7955662907700729412,,,,,
7955662907700729408,,,,,
1469592163271954133,,,,,
1469592163271958407,,,,,
1469592163271961960,,,,,
1469278379854782876,,,,,
7955439997587860246,540.0,,0.0,,
1469278379854782828,,,,,
1469278379854782119,,,,,
1469592163271964968,,,,,
1469278379854782851,,,,,
1469278379854782268,,,,,
1469278379854782283,,,,,
1469592163271956790,,,,,
1469592163271961950,,,,,
1469592163271956037,30.0,,5.0,,
1469592163271954470,,,,,
1469592163271951726,,,,,
1469278379854782050,,,,,
1469592163271959560,,,,,
1469592163271960177,,,,,
1469592163271963955,,,,,
1469592163271954429,,,,,
1469592163271963926,,,,,
1469278379854783140,,,,,
1469278379854781994,,,,,
1469278379854783068,,,,,
1469883818362504759,,,,,
1469278379854781931,,,,,
1469278379854783099,,,,,
7955662907700729405,,,,,
7955439997587860207,,,0.0,,
1469592163271961702,,,,,
1469592163271961614,1000.0,,0.0,,
1469592163271960967,,,,,
1469592163271960243,,,,,
1469592163271963393,,,,,
1469278379854677161,,,,,
1469278379854677158,,,,,
7955439997582574640,,,,,
7955439997582574390,,,,,
1469278379854782909,,,,,
7955439997582574361,,,,,
7955439997582574438,,,,,
1469278379854677186,,,,,
1469278379854782910,,,,,
7955439997582574398,,,,,
7955439997582574632,,,,,
7955439997582574418,,,,,
7955439997582574691,,,,,
1469278379854781801,,,,,
7955439997582574594,,,,,
7955439997582574503,,,,,
1469883818362504782,,,,,
1469278379854783238,,,,,
7955439997582575567,,,,,
7955439997582574448,,,,,
7955439997582574458,,,,,
7955439997582574553,,,,,
7955439997582574535,,,,,
1469278379854782689,,,,,
7955439997582575502,,,,,
7955439997582575487,,,,,
1469453888487996632,8000.0,,45.0,,
1469453888487995462,7706.0,331.0,3.5,6.0,
7955439997582574782,,,,,
7955439997582576065,,,,,
7955439997582576107,,,,,
7955439997582576012,,,,,
7955439997582574817,,,,,
7955439997582576000,,,,,
7955439997582576071,,,,,
7955439997582575413,,,,,
7955439997582575412,,,,,
7955439997582575354,,,,,
7955439997582575649,,,,,
7955439997582575655,,,,,
7955439997582575614,,,,,
7955439997582575722,,,,,
7955439997582575697,,,,,
7955439997582575606,,,,,
7955439997582575770,,,,,
7955439997582575771,,,,,
7955439997582575100,,,,,
7955439997582576973,,,,,
7955439997582575304,,,,,
7955439997582575038,,,,,
7955439997582575356,,,,,
7955439997582577018,,,,,
7955439997582577141,,,,,
7955439997582577085,,,,,
7955439997582577212,,,,,
7955439997582575099,,,,,
7955439997582577089,,,,,
7955439997582575258,,,,,
7955439997582577291,,,,,
7955439997582575028,,,,,
7955439997582575118,,,,,
7955439997582575260,,,,,
7955439997582577244,,,,,
7955439997582577153,,,,,
7955439997582577183,,,,,
7955662907697650386,,,,,
7955662907697650384,,,,,
7955662907697650381,,,,,
7955662907697650388,300.0,200.0,20.0,0.0,
7955439997582577869,,,,,
7955439997582577877,,,,,
7955439997582577864,,,,,
7955439997582576617,,,,,
7955439997582576696,,,,,
7955439997582576622,,,,,
7955662907697650383,,,,,
7955439997582579410,,,,,
7955439997582579059,,,,,
7955439997582577940,,,,,
7955439997582577941,,,,,
7955439997582577909,,,,,
7955439997582577922,,,,,
7955439997582577912,,,,,
7955439997582576572,,,,,
7955439997582576682,,,,,
7955439997582576669,,,,,
7955439997582577856,,,,,
7955439997582576661,,,,,
7955439997582577841,,,,,
7955439997582577840,,,,,
7955439997582576651,,,,,
7955439997582576671,,,,,
7955439997582576656,,,,,
7955662907697650387,,,,,
7955439997582579138,,,,,
7955662907697650378,,,,,
7955662907697650390,50.0,25.0,0.0,0.0,
7955662907697650379,,,,,
7955439997582579408,,,,,
7955439997582579537,,,,,
7955439997582579490,,,,,
7955439997582579066,,,,,
7955439997582579358,,,,,
7955439997582579305,,,,,
7955439997582579546,,,,,
7955439997582579244,,,,,
7955439997582579516,,,,,
7955439997582579389,,,,,
7955662907697650385,,,,,
1469453888487995656,1300.0,400.0,0.0,10.0,0.0
1469418069232862133,2500.0,560.0,107.125,1.5,
1469453888487995490,,397.5,,0.0,
7955439997588499927,100.0,0.0,120.0,90.0,
7955439997582578155,,,,,
7955439997582578159,,,,,
7955439997582578124,,,,,
1469418069232862185,1200.0,,0.0,,
7955439997582576791,,,,,
7955439997582576739,,,,,
1469453888487995677,0.0,300.0,0.0,0.0,
7955439997582576756,,,,,
7955439997582576719,,,,,
7955439997582578393,,,,,
7955439997582576750,,,,,
7955439997582578315,,,,,
7955439997582578320,,,,,
7955439997583736661,,,,,
7955439997583736520,,,,,
1469453888487995282,2500.0,1200.0,0.0,0.0,
7955439997582578200,,,,,
7955439997582576808,,,,,
7955439997582576735,,,,,
7955439997583736557,,,,,
7955439997582576742,,,,,
7955439997583736659,,,,,
7955439997582577984,,,,,
7955439997588499914,,,,,
1469453888487996695,6000.0,300.0,69.97,2.5,
7955662907697650380,,,,,
7955439997583736504,,,,,
1469453888487995527,12000.0,,0.0,,
7955439997583736626,,,,,
7955439997582177084,0.0,,0.0,,
7955662907697650382,,,,,
7955439997583736779,,,,,
1469453888487996742,1000.0,70.0,0.0,0.0,22.5
7955439997582576938,,,,,
7955439997583736725,,,,,
7955439997583736782,,,,,
7955439997582578839,,,,,
7955439997582576934,,,,,
7955439997583736793,,,,,
7955439997582578719,,,,,
7955439997582576864,,,,,
7955439997583736452,,,,,
7955439997582576878,,,,,
1469453888487995700,18000.0,780.0,21.0,0.0,
7955439997582576829,,,,,
7955439997582578854,,,,,
1469453888487995452,5000.0,,12.0,,0.0
7955439997583736728,,,,,
7955439997582578880,,,,,
7955439997582576924,,,,,
7955439997582576955,,,,,
7955439997583736583,,,,,
7955439997583736588,,,,,
7955439997582576889,,,,,
7955439997583736569,,,,,
7955439997583736750,,,,,
7955439997582576567,,,,,
7955439997583736709,,,,,
7955439997582576887,,,,,
7955439997583736746,,,,,
7955439997583736803,,,,,
7955439997583736836,,,,,
7955439997583736806,,,,,
7955439997583736809,,,,,
1469453888487996644,3150.0,1000.0,0.0,0.0,
7955439997583736605,,,,,
7955439997583736454,,,,,
7955439997583736453,,,,,
7955439997583736459,,,,,
7955439997583736457,,,,,
1469453888487996662,6000.0,880.0,0.0,0.0,
7955439997583736619,,,,,
7955439997583736634,,,,,
7955439997583736613,,,,,
1469453888487996448,15000.0,170.0,18.75,0.0,
7955439997582576548,,,,,
7955439997582578921,,,,,
7955439997583736882,,,,,
7955439997582579014,,,,,
7955439997583736535,,,,,
7955439997582576543,,,,,
7955439997582578603,,,,,
7955439997582578985,,,,,
7955439997582578671,,,,,
7955439997583736463,,,,,
7955439997583736550,,,,,
7955439997587382033,,,,,
7955439997583736860,,,,,
7955439997582578885,,,,,
7955439997583736876,,,,,
1469453888487996557,8000.0,,60.125,,
7955439997582578963,,,,,
7955439997583736843,,,,,
7955439997583736552,,,,,
7955439997583736514,,,,,
7955439997583736672,,,,,
7955439997583736671,,,,,
7955439997582576546,,,,,
7955439997582578621,,,,,
7955439997582578614,,,,,
7955439997583736490,,,,,
7955439997582579007,,,,,
7955439997583736663,,,,,
7955439997583736511,,,,,
7955439997583736476,,,,,
7955439997583736472,,,,,
1469453888487996539,800.0,550.0,10.3,12.0,
1469453888487996565,2000.0,300.0,0.0,18.25,
7955439997584718841,,,,,
1469418069232862221,1200.0,350.0,5.0,0.0,
1469453888487996353,12000.0,1300.0,0.0,0.0,
1469453888487996366,6000.0,,0.0,,
1469453888487996335,14300.0,600.0,0.0,0.0,
7955439997582577321,,,,,
1469453888487996354,10000.0,1500.0,0.0,0.0,16.28
7955439997582576498,,,,,
7955439997582577425,,,,,
7955439997582577393,,,,,
7955439997582577395,,,,,
7955439997582577442,,,,,
1469453888487995624,300.0,120.0,0.0,0.0,
1469453888487995505,1000.0,,4.0,,
1469453888487995480,3700.0,1500.0,15.0,0.0,
1469453888487996968,606.0,2200.0,0.375,0.0,
7955439997582577341,,,,,
7955439997582577497,,,,,
7955439997582577525,,,,,
7955439997582577510,,,,,
7955439997582576523,,,,,
7955439997582576459,,,,,
7955439997582577567,,,,,
1469418069232862199,1500.0,25.0,29.625,3.25,
7955439997583734775,,,,,
1469453888487995992,5000.0,1500.0,45.75,0.0,7.5
7955439997582577485,,,,,
7955439997582577352,,,,,
7955439997582577517,,,,,
7955439997582577592,,,,,
7955439997583735187,,,,,
7955439997583734806,,,,,
7955439997583735240,,,,,
7955439997583735242,,,,,
7955439997583735139,,,,,
7955439997583734829,,,,,
7955439997583735115,,,,,
7955439997583736252,,,,,
7955439997583734947,,,,,
7955439997583734950,,,,,
7955439997583735459,,,,,
7955439997583736182,,,,,
7955439997583736199,,,,,
7955439997583734756,,,,,
7955439997583734939,,,,,
1469453888487995311,100.0,994.0,0.0,0.0,
1469453888487995307,400.0,1200.0,0.0,0.0,
1469418069232862130,420.0,150.0,0.0,0.0,90.0
1469418069232862175,3550.0,2450.0,84.0,30.0,
7955439997583735971,,,,,
7955439997583736114,,,,,
7955439997583736060,,,,,
7955439997583736033,,,,,
7955439997583734703,,,,,
7955439997583736021,,,,,
1469453888487995309,9300.0,3500.0,0.0,0.0,
1469453888487996712,238.0,42.0,4.0,0.0,
7955439997583734684,,,,,
7955439997583736062,,,,,
7955439997583734617,,,,,
7955439997583734607,,,,,
7955439997583734601,,,,,
7955439997583736118,,,,,
7955439997583736045,,,,,
7955439997583735982,,,,,
7955439997587360486,,,,,
7955439997583980593,,,,,
7955439997583735389,,,,,
7955439997583734824,,,,,
1469453888487996629,3000.0,400.0,0.0,3.0,
1469278379855037778,,,,,
1469418069232862155,12000.0,460.0,0.0,0.0,
7955439997583734867,,,,,
7955439997583736178,,,,,
7955439997583736190,,,,,
7955439997583736188,,,,,
7955439997583734819,,,,,
7955439997583736204,,,,,
1469278379855038216,,,,,
1469453888487996624,12000.0,605.0,56.25,0.0,
7955439997583736280,,,,,
7955439997583736228,,,,,
7955439997583736247,,,,,
1469278379855040311,,,,,
7955439997583736222,,,,,
7955439997582420562,,,,,
7955439997583736230,,,,,
1469418069232862152,4000.0,1200.0,184.75,7.0,
7955439997583736261,,,,,
1469418069232862192,5800.0,200.0,6.0,15.0,1.0
1469278379855038420,,,,,
7955439997583735460,,,,,
7955439997583735466,,,,,
7955439997583735434,,,,,
1469278379855039238,,,,,
7955439997583736294,,,,,
1469278379855036872,,,,,
1469278379855038410,,,,,
1469278379855037433,,,,,
1469278379855038003,,,,,
1469278379855038441,,,,,
7955439997583736432,,,,,
7955439997583736382,,,,,
1469418069232862226,8500.0,500.0,0.0,0.0,3.75
1469278379855038115,,,,,
1469278379855038085,,,,,
7955439997583736346,,,,,
7955439997583736423,,,,,
1469418069232862188,3000.0,150.0,22.75,0.0,22.5
7955439997583736350,,,,,
7955439997583736344,,,,,
7955439997583735340,,,,,
7955439997583735354,,,,,
7955439997583735250,,,,,
7955439997583736378,,,,,
7955439997583736424,,,,,
7955439997583736355,,,,,
1469453888487996882,1500.0,1115.0,86.0,1.75,
7955439997583735271,,,,,
1469278379855038263,,,,,
1469453888487996473,5000.0,500.0,182.35,42.0,
1469278379855038001,,,,,
7955439997583735248,,,,,
1469278379855037340,,,,,
7955439997583735150,,,,,
7955439997583735148,,,,,
1469278379855040744,,,,,
7955439997583736002,,,,,
7955439997583735144,,,,,
7955439997583735924,,,,,
7955439997583735322,,,,,
1469278379855038067,,,,,
1469278379855037832,,,,,
7955439997583735919,,,,,
1469278379855038205,,,,,
1469278379855037385,,,,,
1469453888487996450,225.0,,3.0,,
1469278379855037941,,,,,
7955439997583735881,,,,,
7955439997583735314,,,,,
7955439997583735193,,,,,
7955439997583735170,,,,,
7955439997583735176,,,,,
7955439997582420595,,,,,
1469278379855037718,,,,,
7955439997583735991,,,,,
7955439997583736132,,,,,
1469278379855037669,,,,,
7955439997582420594,,,,,
1469453888487996519,3100.0,100.0,0.0,0.0,
1469453888487996496,1220.0,250.0,0.0,0.0,0.0
1469418069232862174,10360.0,567.0,1.4,25.0,
1469418069232862173,400.0,256.0,0.0,0.0,
7955439997583736127,,,,,
1469278379855039095,,,,,
7955439997583734926,,,,,
1469278379855040414,,,,,
1469278379855037910,,,,,
7955439997583736076,,,,,
7955439997583736064,,,,,
1469278379855040894,,,,,
7955439997583735105,,,,,
7955439997583735114,,,,,
1469278379855039757,,,,,
1469278379855039059,,,,,
1469278379855040896,,,,,
7955439997583734996,,,,,
1469278379855038859,,,,,
7955439997583734965,,,,,
7955439997583735937,,,,,
7955439997583735098,,,,,
1469278379855038587,,,,,
7955439997583736183,,,,,
7955439997583735066,,,,,
1469278379855039777,,,,,
1469278379855040089,,,,,
7955439997582420597,,,,,
1469453888487996110,4500.0,1350.0,60.5,20.25,3.75
1469278379855039075,,,,,
7955439997583734984,,,,,
1469278379855039955,,,,,
1469418069232862172,17150.0,1325.0,45.0,0.0,
1469278379855039036,,,,,
7955439997583734972,,,,,
7955439997583735035,,,,,
7955439997583734966,,,,,
1469278379855040840,,,,,
1469418069232862184,0.0,500.0,0.0,0.0,
1469278379855040903,,,,,
1469453888487996081,2000.0,500.0,73.45,0.0,
1469278379855038789,,,,,
1469278379855039434,,,,,
1469453888487996124,13000.0,450.0,196.1,0.0,
1469418069232862157,4450.0,1300.0,0.0,0.0,
1469278379855040235,,,,,
1469278379855039327,,,,,
1469418069232862163,2700.0,675.0,0.0,0.0,
1469278379855040338,,,,,
1469278379855040198,,,,,
1469278379855040148,,,,,
1469418069232862160,4500.0,,35.0,,
1469278379855040214,,,,,
1469278379855039138,,,,,
1469278379855040609,,,,,
1469453888487996145,5400.0,4500.0,0.0,0.0,
1469418069232862159,6000.0,1166.67,0.0,0.0,
1469278379855039698,,,,,
1469883818362505273,,,,,
1469278379855036689,,,,,
1469278379855040292,,,,,
7955439997587381874,,,,,
1469453888487996199,0.0,800.0,32.1,0.0,
1469453888487996195,40.0,80.0,0.0,0.0,
1469278379855038661,,,,,
7955439997583735733,,,,,
1469453888487996201,500.0,350.0,0.0,0.875,
7955439997583735804,,,,,
7955439997583735627,,,,,
7955439997583735819,,,,,
7955439997583735793,,,,,
1469278379855039859,,,,,
7955439997583736561,,,,,
1469278379855036710,,,,,
7955439997583735479,,,,,
7955439997583735567,,,,,
7955439997583735579,,,,,
7955439997583735741,,,,,
1469278379855038730,,,,,
7955439997583735685,,,,,
1469278379855037255,,,,,
1469278379855038729,,,,,
7955439997583735770,,,,,
7955439997583735605,,,,,
7955439997583735588,,,,,
1469278379855037217,,,,,
7955439997583735633,,,,,
7955439997583735732,,,,,
7955439997583735526,,,,,
1469418069232862167,0.0,100.0,0.0,0.0,
7955439997583735521,,,,,
7955439997583735591,,,,,
7955439997583735639,,,,,
7955439997583735601,,,,,
7955439997583735790,,,,,
7955439997583735773,,,,,
1469278379855038649,,,,,
7955439997583735665,,,,,
1469278379855038689,,,,,
1469278379855037176,,,,,
1469278379855037271,,,,,
1469278379855037274,,,,,
1469418069232862217,128.0,,0.0,,
1469453888487995331,18000.0,800.0,0.0,0.0,
1469278379855036953,,,,,
1469278379855036637,,,,,
1469278379855036596,,,,,
1469453888487995806,6000.0,3000.0,,0.0,
1469278379855037023,,,,,
1469278379855037069,,,,,
1469418069232862098,16000.0,,0.0,,
1469453888487995779,5200.0,334.0,8.75,15.0,
1469453888487995822,3000.0,2612.0,4.0,1.875,45.0
1469418069232862178,9863.64,2000.0,7.5,0.0,
1469418069232862176,6600.0,1000.0,0.0,0.0,
1470002575945832268,,,,,
1469418069232862114,3300.0,834.0,45.0,0.0,
1469418069232862113,3850.0,290.0,22.5,33.125,
1469418069232862107,1800.0,2150.0,0.0,0.0,
1469418069232862101,10000.0,1000.0,0.0,16.88,15.0
1469418069232862103,20000.0,,3.13,,
1469278379855039484,,,,,
1469453888487995619,1100.0,,22.5,,
1469453888487995637,6250.0,82.0,23.25,0.0,
7955439997587000313,,,,,
1469453888487995617,3000.0,40.0,0.0,0.0,
7955439997583735110,,,,,
1469453888487995632,2200.0,850.0,0.0,0.0,
1469453888487995629,1400.0,,0.0,,
1469418069232862220,10000.0,3000.0,0.0,0.0,
1469278379855037239,,,,,
1469278379855037091,,,,,
1469418069232862084,26624.0,973.0,0.0,0.0,
1469861430152705312,0.0,,0.0,,
1469453888487995757,12000.0,,0.0,,
1469453888487995827,15000.0,1500.0,0.0,0.0,
1469278379855037063,,,,,
7955439997583734767,,,,,
7955439997583735451,,,,,
7955439997583735929,,,,,
1469418069232862088,17000.0,,0.0,,
7955439997582177079,,,,,0.0
7955439997583735364,,,,,
1469953747529844086,200.0,60.0,58.825,2.0,
1469418069232862219,7400.0,1100.0,0.0,0.0,
1469453888487995787,27300.0,1800.0,30.4,0.0,
1469453888487997179,192.0,356.0,0.0,0.0,7.5
1469453888487995938,12000.0,300.0,0.0,0.0,
1469453888487995860,12000.0,1100.0,22.5,0.0,2.5
1469278379855036726,,,,,
7955439997583923699,,,,,
7955439997582574208,,,,,
7955439997582574188,,,,,
7955439997582576294,,,,,
7955439997583325919,,,,,
7955439997583325777,,,,,
7955439997583325730,,,,,
1469453888487995940,900.0,760.0,0.0,0.0,
1469418069232862079,700.0,5000.0,0.0,0.0,
1469453888487995942,27400.0,546.5,38.75,4.0,
1469453888487995932,5470.0,150.0,0.0,0.0,
7955439997583927543,,,,,
7955439997586684495,,,,,
1469418069232862198,0.0,,23.0,,
7955439997583922910,,,,,
1469418069232862203,8000.0,,0.0,0.0,
7955439997582576333,,,,,
7955439997582573929,,,,,
7955439997583923562,,,,,
7955439997582574259,,,,,
7955439997582576976,,,,,
7955439997582576633,,,,,
10045263171842759826,,,,,
7955439997582573871,,,,,
7955439997582573559,,,,,
7955439997582574081,,,,,
7955439997582573868,,,,,
1469278379855038652,,,,,
7955439997582573513,,,,,
7955439997582576979,,,,,
7955439997583869131,,,,,
7955439997583325667,,,,,
7955439997583325031,,,,,
7955439997583324875,,,,,
7955439997583325138,,,,,
7955439997583325904,,,,,
7955439997583953571,,,,,
1469278379855039948,,,,,
7955439997583324789,,,,,
7955439997580647630,,,,,
10045222585760773352,,,,,
7955439997574930123,,,,,
7955439997577295143,,,,,
7955439997574930069,,,,,
