entity_id,yield_gc_per_ha,production_(kg),average_green_bean_price,total_fertilizer_applied_kg_per_ha,organic_fertilizer_applied_kg_per_ha
7955439997587190375,,,,,
7955439997588533131,,,,,
7955439997587190373,,,,,
7955439997587190702,,,,,
7955439997588533366,,,,,
7955662907713785526,,,,,
7955439997587190374,,,,,
7955439997588533423,,,,,
7955439997588534114,,,,,
1470157558628970564,,,,,
1470157558628970682,,,,,
7955439997587190925,,,,,
7955439997588533148,,,,,
7955439997588534184,,,,,
7955439997587191908,,,,,
7955439997587190737,1764.7,,,3176.3,0.0
7955439997587191763,,,,,
7955439997588533098,,,,,
7955439997588534133,,,,,
7955439997588534047,,,,,
7955439997587190716,6000.0,,,2200.0,700.0
7955439997588534040,,,,,
7955439997587190950,,,,,
7955439997588534414,,600.0,,,
7955439997587190875,3684.2,,,6173.6,5368.4
7955439997588534076,,,,,
7955439997588534797,,1200.0,,,
7955439997587191837,,,,,
7955439997587190728,2538.1,,,2741.0,0.0
7955439997587191871,,,,,
7955439997574930177,,,,,
1470157558628970660,,,,,
1470157558628971470,,,,,
1470157558628970593,,,,,
7955439997588532733,,,,,
7955439997588531222,,,,,
7955439997588532551,,,,,
7955439997587191514,2333.3,,,1333.3,0.0
7955439997588532550,,1000.0,,,
7955439997588531529,,,,,
1470157558628971395,,,,,
7955439997587191230,3.125,,,1.625,0.0
7955439997587191483,,,,,
7955439997588533036,4727.27,2200.0,,5909.09,4545.45
7955439997587191421,,,,5332.0,3732.0
7955439997588531667,,,,,
7955439997588532513,,,,,
1469278379854639612,,7000.0,,,
7955439997588531550,,,,,
7955439997587191563,8.8,,,1.9,833.3
7955439997588532792,,,,,
1470157558628971521,,,,,
1469278379854639842,3333.0,333.0,,6222.2,5000.0
7955439997588531824,,,,,
7955439997587191503,,,,,
7955439997588531538,,,,,
7955439997587191442,,,,,
1469278379854642005,3133.0,4700.0,,9467.0,6800.0
1469278379854638829,4375.0,1335.0,,7000.0,5375.0
7955439997588532350,,,,,
1469278379854642038,3000.0,600.0,,9250.0,8000.0
1469278379854639857,4000.0,2300.0,,8166.7,4333.3
1469278379854639545,,5000.0,,,
1469278379854638528,5733.33,3314.58,,20166.67,16500.0
7955439997587191557,,,,,
7955439997587191538,,,,,
7955439997588531463,,,,,
1470157558628971345,,,,,
1470157558628971333,,,,,
1470157558628971504,,,,,
1470157558628971146,,,,,
7955662907712541052,500.0,,,0.0,0.0
1469592163271953811,100.0,100.0,,0.0,
7955439997588532710,,,,,
1470157558628971174,,,,,
7955439997586893348,,,,,
1470157558628971355,,,,,
7955439997588532722,,,,,
7955439997587861178,100.0,100.0,,200.0,0.0
1469592163271965499,490.67,,,75.0,
1470157558628971176,,,,,
1470002575956820699,379.0,720.0,,75.0,
1470002575956820686,39.13,90.0,,0.0,
1469592163271959049,368.0,368.0,,400.0,0.0
1470002575945831593,407.0,407.0,1500.0,,
7955439997588531757,2600.0,1800.0,,6320.0,4800.0
7955439997588531874,,,,,
1469592163271958111,184.0,92.0,,150.0,
1470157558628970924,,,,,
7955439997587190116,,,,,
7955439997587191402,,,,,
1470002575936435263,,,,,
1470157558628971093,,,,,
7955439997587190147,,,,,
7955439997588531440,,4000.0,,,
7955439997588531450,,,,,
1469278379854639715,,,,,
1469592163271958912,1840.0,1840.0,,750.0,400.0
7955439997587191409,,,,,
1470157558628970921,,,,,
7955439997588531832,,,,,
1469278379854640110,4583.3,5500.0,,16098.5,14431.8
1469592163271960708,736.0,736.0,,200.0,0.0
7955439997587191207,2730.0,,,11081.0,9189.2
1469592163271951997,166.66,800.0,,200.0,0.0
1470157558628970896,,,,,
7955439997588531563,,,,,
7955439997588532899,,,,,
1470002575945833344,72.0,108.0,1500.0,,
1469278379854639326,3000.0,3000.0,,9833.0,7333.0
7955439997587191060,,,,,
7955439997588531891,,,,,
7955439997587191373,1481.5,,,4555.8,
1469278379854638739,4667.0,7000.0,,20900.0,15200.0
1469278379854639968,3500.0,7000.0,,8925.0,5550.0
7955439997588531558,4379.08,2800.0,,12287.58,9150.32
7955439997588531867,,,,,
1469278379854640124,4241.4,6300.0,,3310.3,2068.9
7955439997588531920,4000.0,4000.0,,4000.0,2000.0
1469278379854638754,3500.0,1657.0,,9867.0,6667.0
7955439997588531331,,,,,
7955439997588532906,,,,,
1469278379854639226,,4800.0,,,
7955439997587190093,,,,,
7955439997588531881,,7400.0,,,
7955439997587191099,,,,,0.0
1469278379854639404,3922.0,4000.0,,12862.0,10980.0
1469278379854639388,2000.0,1000.0,,2000.0,0.0
1469278379854640050,5000.0,5000.0,,2000.0,0.0
1469278379854639391,4000.0,12000.0,,10000.0,8000.0
7955439997587191196,2000.0,,,1625.0,0.0
7955439997587191197,1000.0,,,2824.5,1615.5
1469569898290015317,,2800.0,270.0,,
1469569898290012844,,,,,
7955439997588499919,,,,,
1469592163271956852,613.0,920.0,,233.0,0.0
1469592163271951725,920.0,920.0,,350.0,0.0
1469592163271956462,552.0,552.0,,175.0,0.0
1469592163271957083,220.0,220.0,,100.0,0.0
7955439997586893337,,,,,
1469592163271956239,736.0,736.0,,300.0,0.0
1469592163271953346,460.0,184.0,,0.0,0.0
1469592163271962809,275.0,440.0,,0.0,
1470002575956820720,140.0,140.0,,150.0,0.0
1469278379854638178,3555.6,0.0,,9900.0,6800.0
1469592163271955629,736.0,736.0,,750.0,0.0
7955662907699201166,,24685.0,,,
1469592163271950828,,644.0,,,
1469592163271957097,276.0,552.0,,187.5,0.0
1469592163271951095,669.23,870.0,,0.0,
1469278379854641211,3333.0,2800.0,,2113.3,211.3
1469592163271956611,233.33,210.0,,150.0,
1469592163271963493,5.0,3000.0,,,0.0
1469278379854638152,2285.0,8000.0,,3000.0,857.0
1469278379854638436,3953.5,4744.2,,18250.0,14800.0
1469592163271959589,416.0,416.0,,200.0,0.0
1470002575936435740,1981.0,2766.0,,1139.06,0.0
7955439997582550302,3900.0,1950.0,,14475.0,9100.0
1469278379854641116,4123.71,3388.24,,7422.68,6185.57
1469278379854638382,3771.43,4903.0,,23840.0,20440.0
1469278379854638630,3600.0,3600.0,,2989.5,541.0
1469278379854638126,3212.0,2500.0,,3942.0,1898.0
1469278379854641156,2349.0,769.5,,5875.84,2516.78
1469278379854639111,4898.6,6750.0,,3344.6,0.0
1469592163271957294,92.0,500.0,,100.0,
1469592163271965074,680.46,442.3,,666.0,
1469278379854640290,3903.2,4500.0,,12406.5,8206.5
7955439997587189758,2069.0,,,2482.9,0.0
1469592163271960824,825.0,825.0,,0.0,0.0
1470002575936436099,1828.0,1280.0,,4205.72,3154.29
1469592163271957765,235.89,176.92,,400.0,
7955439997587189849,720.0,,,1200.0,0.0
1470002575936436118,,2764.0,,,
7955439997587189752,1750.0,,,1550.0,300.0
1469592163271961328,368.0,368.0,,300.0,0.0
1469592163271955386,418.0,793.96,,200.0,0.0
1469592163271950946,,10000.0,,400.0,1200.0
1469592163271962961,322.0,257.6,,0.0,
1469592163271952673,1515.29,2576.0,,375.0,
1469592163271965977,400.0,400.0,,200.0,0.0
1469592163271964771,619.16,1238.32,,250.0,
7955439997587189658,1538.5,,,3076.9,1538.5
1469278379854641295,4750.0,5700.0,,9167.0,4167.0
1470002575936435286,,180.0,,,
1469592163271951964,368.0,184.0,,600.0,0.0
1469278379854640582,3550.0,7100.0,,4200.0,0.0
1469592163271962850,,1500.0,,,
7955439997587189540,3448.3,,,3862.1,1724.1
1470002575936435604,6578.0,6578.0,,1168.83,4738.0
1469278379854641485,4000.0,800.0,,14700.0,12500.0
1469592163271958136,184.0,184.0,,120.0,120.0
1469278379854640621,2500.0,2900.0,,3800.0,2000.0
1469278379854641488,2800.0,980.0,,1920.0,0.0
1469278379854640852,3000.0,3000.0,,2500.0,0.0
7955439997587189937,5188.0,,,4860.0,2029.0
7955439997587189640,3333.3,,,8033.4,2500.0
1469278379854641463,1131.6,1000.0,,4736.8,3157.9
1469278379854640901,2916.67,3500.0,,1250.0,0.0
7955439997587189712,1000.0,,,1181.9,0.0
1469883818362504507,3918.0,1943.0,,3093.0,1031.0
7955439997587189936,5769.0,,,2307.0,641.0
7955662907702140009,,,,,
1470002575936435612,602.0,5060.0,139.13,2902.38,821.42
7955662907702140000,1.3,100.0,,100.0,100.0
7955439997587187586,1250.0,,,12875.0,11000.0
7955439997587861513,200.0,100.0,,0.0,
1469592163271957427,202.0,202.0,,191.0,166.0
7955662907699200862,951.0,7820.0,,6440.0,0.0
1470002575956820610,562.5,450.0,,1.0,2.0
7955439997587861298,74.07,600.0,,0.0,
1469592163271961683,460.0,460.0,,250.0,0.0
1470002575956820727,99.0,544.0,,75.0,0.0
1469592163271961684,441.0,1104.0,,100.0,0.0
7955439997582550081,3333.0,10000.0,,2067.0,100.0
1470002575956820200,46.66,350.0,,600.0,0.0
7955439997587187540,,,,1400.0,720.0
7955662907699200876,5566.0,,130.43,5161.0,3412.0
1469569898290009880,50.0,500.0,270.0,100.0,25.0
7955439997587861424,1350.0,540.0,,5000.0,3000.0
1469278379854642324,3266.7,6500.0,,6150.0,3000.0
7955439997587187356,1428.6,,,11600.0,10000.0
1469278379854641057,2740.0,840.0,,3882.0,932.0
7955439997587187544,1217.9,,,7913.04,6086.95
1470002575956820627,1425.0,2850.0,,,0.0
1469278379854640984,1933.0,700.0,,3666.7,1666.7
1469592163271951560,294.0,147.0,,300.0,0.0
7955439997587188056,1136.5,,,17954.6,15909.0
1470002575956820202,60.0,362.0,,,
1470002575943383722,360.0,360.0,,0.0,
1469278379854642347,3000.0,6000.0,,3300.0,1100.0
7955439997587187549,,,,9642.85,5952.38
1469278379854642365,3366.7,10100.0,,5033.3,2833.3
1470002575956821012,220.0,220.0,,605.0,600.0
1470002575956820600,200.0,400.0,,0.0,0.0
1469278379854641969,4803.92,1768.04,,5921.57,3617.65
1469278379854642733,3750.0,7500.0,,13000.0,10000.0
7955439997587187267,1875.0,,,8000.0,6000.0
7955439997587188186,3750.0,,,6625.0,2500.0
1469278379854639479,1667.0,390.0,,2778.0,0.0
1469278379854642319,3333.0,3500.0,,2570.0,0.0
1469278379854639435,4000.0,4000.0,,2133.0,0.0
1470002575945819824,,,,,
7955439997587188145,3571.0,,,1929.5,0.0
1469278379854642851,2523.0,1413.0,,2179.0,759.0
7955439997587187472,2647.05,,,1470.58,0.0
1469278379854641597,4255.32,20000.0,,7106.39,3829.79
1470002575936436326,183.0,,128.26,1840.0,0.0
1469569898290010106,,,,,
7955439997586893418,500.0,530.0,300.0,40.0,40.0
7955439997586893364,,530.0,,,
1469569898290010214,,800.0,250.0,,
1469592163271951570,662.0,331.0,,400.0,0.0
7955439997587187760,588.2,,,8602.0,6176.5
7955439997587861340,100.0,100.0,,0.0,
7955439997587861442,875.0,700.0,,0.0,0.0
7955662907699201217,,3608.0,,,
1469592163271960794,243.0,243.0,,250.0,0.0
1469592163271963032,312.0,312.0,,100.0,0.0
1470002575956820617,49.09,270.0,,83.33,
7955439997587187832,5000.0,,,4000.0,2000.0
7955439997587187280,2000.0,,,2571.42,0.0
7955439997587187247,2777.8,,,4222.2,0.0
7955439997587188514,3000.0,,,1600.0,0.0
1470002575936435583,,,,,
7955439997587861354,368.0,92.0,,0.0,
7955439997587187827,3125.0,,,2312.5,0.0
7955439997587186973,3348.0,,,13695.6,10000.0
7955439997587861406,500.0,1500.0,,,0.0
1469883818362504473,4000.0,12000.0,,13666.67,10000.0
1470002575936436257,1183.0,4140.0,,,0.0
1469592163271957438,575.0,460.0,,1250.0,1250.0
7955439997587189228,3047.3,,,2663.0,1331.0
7955439997587861203,1000.0,700.0,,,0.0
7955439997587188907,2000.0,,,10500.0,10000.0
1469278379854641878,3000.0,1200.0,,9300.0,7000.0
1470002575956820249,300.0,300.0,,0.0,0.0
7955439997587861493,300.0,300.0,,0.0,
1469278379854641900,4000.0,4800.0,,2000.0,0.0
7955439997587187139,4000.0,,,9375.0,4375.0
7955439997587187613,3000.0,,,1683.33,183.33
1470002575956820979,1170.0,117.0,,150.0,
1469278379854643034,4166.7,5000.0,,4000.0,2000.0
1470002575936435355,,5655.0,,,
1469278379854642185,3197.0,11190.0,,3523.0,1600.0
1469278379854639161,,4418.0,,,
7955439997587188702,2000.0,,,13100.0,1100.0
7955439997587187880,3636.0,,,3484.7,0.0
1470002575956820251,108.0,54.0,,150.0,
7955439997587188844,357.1,,,9499.7,8071.3
1469883818362504483,4035.71,11300.0,,6892.86,3750.0
7955439997587187136,1875.0,,,22750.0,18000.0
7955439997587189148,3056.0,,,17277.8,15000.0
1469278379854643307,,,,,
1469278379854643024,3103.0,4000.0,,4083.0,1690.0
1469278379854641788,2333.0,3500.0,,14100.0,12000.0
7955439997587187559,2272.7,,,2454.7,818.2
7955439997587188709,1714.29,,,16214.3,14285.7
7955439997587187178,1818.18,,,2727.27,909.09
7955439997587187424,,,,2800.0,0.0
7955439997586893401,500.0,,,0.0,0.0
1469883818362504470,4000.0,8000.0,,12625.0,10625.0
1469278379854642183,2500.0,7500.0,,8633.33,5633.33
1469278379854639106,,4418.0,,,
1469278379854641818,4318.0,12920.0,,4386.0,1136.0
1469278379854641818,4318.0,6080.0,,4386.0,1136.0
1469278379854641822,3000.0,6000.0,,12250.0,8000.0
7955439997587189175,3454.5,,,3272.7,0.0
7955439997587187892,3333.0,,,16113.0,13889.0
1469278379854642099,2267.0,3400.0,,3200.0,1867.0
1469278379854642607,3333.0,4000.0,,7167.0,5000.0
7955439997587188619,2000.0,,,3800.0,1800.0
1469278379854643075,3100.0,3100.0,,18500.0,16500.0
1469278379854638326,4210.53,2866.31,,11394.74,9394.74
7955439997587189408,,,,6746.5,5322.2
7955439997587189489,3000.0,,,2750.0,0.0
7955439997587188391,1279.8,,,2500.0,0.0
1469278379854638324,4787.23,4500.0,,21372.34,19148.94
7955439997587189422,2448.9,,,3061.2,0.0
1470002575945833969,400.0,200.0,1500.0,,
7955439997587188484,2400.0,,,3650.0,2750.0
1470002575936435396,254.0,445.0,,420.57,0.0
1469592163271952272,155.0,348.0,,800.0,
1470002575956820233,875.0,700.0,,,0.0
1470002575956820856,300.0,300.0,,0.0,
1469278379854639019,4000.0,10000.0,,4680.0,3000.0
7955439997587187792,1200.0,,,440.0,0.0
7955439997587189287,1166.67,,,2041.67,208.33
7955439997588499928,381.0,381.0,1500.0,,
1470002575956820270,714.29,450.0,,0.0,
1470002575943383713,857.44,1200.0,,,
1470002575956820269,869.56,600.0,,0.0,
1469278379854639028,5142.8,18000.0,,13928.6,10357.0
1470002575956820205,200.0,500.0,,0.0,
1470002575956820810,111.0,100.0,,0.0,0.0
1470002575956820982,350.0,700.0,,0.0,0.0
1469278379854640648,,4418.0,,,
7955439997587188607,900.9,,,1035.8,0.0
7955439997587189347,1884.1,,,8400.0,6086.95
7955439997587187854,2100.8,,,4306.7,1680.7
7955439997587188091,2857.1,,,16893.0,15000.0
7955439997587188954,933.3,,,5246.7,3666.66
1470002575936435487,,4922.0,,,
1470002575945833359,400.0,200.0,1500.0,,
1470002575945833431,160.0,400.0,1500.0,,
7955439997587188078,2117.6,,,12588.1,10588.2
1469278379854641425,4348.0,10000.0,,12174.0,7826.0
7955439997587188315,190.4,,,1800.0,400.0
7955439997587188300,5000.0,,,5000.0,2000.0
1469278379854640651,2000.0,804.26,,4571.2,4285.71
7955439997587189307,2000.0,,,9650.0,7500.0
1469278379854640725,,4418.0,,,
7955439997587188503,3333.3,,,58999.97,33999.97
7955439997587189403,,,,,
1469278379854641423,4000.0,4000.0,,15000.0,0.0
7955439997587189216,1964.3,,,7303.6,5000.0
1470002575945833159,603.44,700.0,1500.0,,
7955439997588499930,192.0,35.0,1500.0,,
1470002575945830604,25.0,50.0,1500.0,0.0,0.0
1470002575945830273,535.71,300.0,1500.0,,
7955439997588499907,298.0,410.0,1500.0,,
1470002575945833244,450.0,450.0,1500.0,,
1470002575945831632,240.0,120.0,1500.0,,
1470002575945832945,615.59,800.0,1500.0,,
7955439997588499925,423.5,360.0,1500.0,,
1470002575945832928,291.66,1.15,1500.0,,
1470002575936435961,,,,,
1470002575945825511,110.0,110.0,1500.0,,
1470002575936435935,,172.0,,,
1470002575945823872,95.89,350.0,1500.0,,
1470002575945825341,693.93,458.0,1500.0,,
1470002575945823889,75.0,60.0,1500.0,,
1470002575945833708,200.0,200.0,1500.0,,
1470002575936435249,,9110.0,,,
1470002575945833136,138.08,287.0,1500.0,,
1470002575945825366,254.28,210.0,1500.0,,
1470002575945823997,310.35,450.0,1500.0,,
1470002575945823969,700.0,350.0,1500.0,,
1470002575945824004,270.0,270.0,1500.0,,
7955439997588499906,309.0,300.0,1500.0,,
1470002575945833036,705.44,3000.0,1500.0,,
1470002575936436150,,11500.0,,,
7955439997586686982,3035.7,8500.0,,9000.0,6000.0
7955439997587858581,577.0,1170.0,,60.0,
7955439997586685654,2857.0,1000.0,,6571.0,4000.0
7955439997586686224,4000.0,1000.0,,5400.0,2800.0
7955439997586686034,1750.0,1400.0,,5375.0,4250.0
1470002575945824835,310.0,320.0,1500.0,,
1470002575945831979,266.66,1000.0,1500.0,,
7955439997586683824,4545.45,5000.0,,13045.45,9545.45
1470002575945824820,225.0,450.0,1500.0,,
1470002575945832265,907.33,1361.0,1500.0,,
7955662907699201219,,1932.0,,,
7955439997588499917,200.0,300.0,1500.0,,
1470002575945824728,150.0,300.0,1500.0,,
7955439997587859399,88.8,111.0,98.0,,0.0
1470002575945832312,500.0,2.0,1500.0,,
7955439997587859266,20.0,10.0,105.0,0.0,
1470002575945824747,200.0,400.0,1500.0,0.0,0.0
1470002575945829101,280.0,280.0,1500.0,,
7955439997587861655,208.8,104.4,102.0,0.0,0.0
1470002575936435237,66.81,6026.0,,328.57,0.0
1470002575945824656,1025.0,2053.0,1500.0,,
7955439997587859262,218.0,218.0,105.0,40.0,
7955439997586685516,4762.0,10000.0,,12940.5,9535.7
1470002575945828932,152.0,152.0,1500.0,,
7955439997587861897,257.77,232.0,,0.0,
1470002575945832607,116.0,145.0,1500.0,,
7955439997587858571,1714.0,857.0,104.0,400.0,0.0
7955439997586683478,5500.0,3300.0,,22181.82,18181.18
1470002575945828928,157.89,300.0,1500.0,,
7955439997586686976,4722.2,4250.0,,13666.7,10000.0
7955439997586682514,2500.0,4000.0,,2031.0,0.0
1470002575945829054,373.33,560.0,1500.0,,
1470002575936435504,656.42,,,920.0,0.0
7955439997588499920,136.33,309.0,1500.0,,
1470002575945832187,310.0,230.0,1500.0,,
7955439997586683823,4000.0,4000.0,,5250.0,4000.0
7955439997586685614,4444.44,4000.0,,9044.44,5555.55
7955439997586683835,2909.0,8000.0,,12928.0,11273.0
1470002575945829050,157.333,118.0,1500.0,,
7955439997586683527,4666.67,3266.67,,15600.0,12000.0
7955439997586683527,4666.67,3733.33,,15600.0,12000.0
7955439997586685626,2381.0,2381.0,,1800.0,50.0
7955439997586685606,4762.0,2381.0,,11150.0,8000.0
7955439997586687148,4016.5,4033.0,,12100.0,9000.0
1470002575945832546,373.87,415.0,1500.0,,
7955439997586683882,2679.0,3000.0,,1518.0,0.0
7955439997586683830,3888.9,3500.0,,9166.7,7500.0
1470002575945825121,79.0,70.0,1500.0,,
7955439997587191885,3000.0,,,5000.0,15000.0
7955439997586682705,5300.0,18500.0,,7500.0,4500.0
7955439997586682617,5000.0,3500.0,,3183.3,1333.3
7955439997586682617,5000.0,5000.0,,3183.3,1333.3
7955439997586682617,5000.0,6500.0,,3183.3,1333.3
1469278379854783002,2500.0,7500.0,,2333.0,0.0
1470002575945824237,250.0,250.0,2000.0,,
1470002575945832320,274.66,412.0,1500.0,,
1470002575945831791,564.0,423.0,1500.0,,
1469569898290016373,,675.0,100.0,,
7955439997587858689,30.43,70.0,102.0,0.0,0.0
7955439997587861810,0.0,0.0,102.0,0.0,0.0
7955439997587858579,32.0,80.0,100.0,,0.0
7955439997588499923,60.0,30.0,1500.0,,
7955439997587861523,400.0,2000.0,104.0,1000.0,1000.0
1470002575945824211,,,,,
1470002575936436071,7.07,,,394.29,0.0
7955439997587861809,620.0,62.0,105.0,0.0,
1470002575936436536,94.0,94.0,,87.62,0.0
1470002575936436077,,,,,
1470002575945824248,242.0,472.0,1500.0,,
7955439997587861797,350.0,52.43,103.0,0.0,
7955439997587858781,0.0,40.0,103.0,0.0,
7955439997587859520,1000.0,1000.0,104.0,133.33,0.0
1470002575945830218,600.0,600.0,1500.0,,
1470002575936436408,,,,,
7955439997587861803,144.0,14.4,,0.0,
7955439997587858782,432.0,216.0,,0.0,
7955439997587858783,154.0,77.0,103.0,0.0,
1470002575945830208,193.0,120.0,1500.0,,
1470002575936436490,,,,,
7955439997587861542,108.69,250.0,100.0,0.0,
7955439997586686569,2658.0,2143.0,,3069.0,279.0
7955439997586686569,2658.0,9286.0,,3069.0,279.0
7955439997586686316,2100.0,3150.0,,2500.0,1000.0
7955439997586686866,5357.14,2000.0,,12267.86,6696.43
7955439997586686866,5357.14,2500.0,,12267.86,6696.43
7955439997586686866,5357.14,1000.0,,12267.86,6696.43
1469569898290017071,,,,,
1470002575936435477,402.0,211.0,,520.75,0.0
1470002575945824126,186.0,420.0,1500.0,,
7955439997586686740,2422.0,462.0,,3245.7,496.3
7955439997586686740,2422.0,3700.0,,3245.7,496.3
7955439997586686740,2422.0,300.0,,3245.7,496.3
7955439997586686740,2422.0,5300.0,,3245.7,496.3
7955439997586687105,2750.0,1400.0,,5788.9,4175.0
7955439997586687105,2750.0,1000.0,,5788.9,4175.0
7955439997586687105,2750.0,2000.0,,5788.9,4175.0
7955439997586683590,6285.71,6285.71,,3471.43,900.0
7955439997586686349,1983.0,105.0,,6034.0,3867.0
7955439997586686349,1983.0,1190.0,,6034.0,3867.0
7955439997586686336,3500.0,1000.0,,9500.0,6500.0
1470002575945824137,600.0,600.0,1500.0,,
7955439997586683745,3018.0,4000.0,,6905.0,3396.0
7955439997586683800,2318.8,8000.0,,4347.8,2028.9
1470002575945820730,300.0,600.0,1500.0,,
1470002575945820721,120.0,60.0,1500.0,,
1470002575945820514,240.0,120.0,1500.0,,
1470002575945820699,139.0,139.0,1500.0,,
1470002575945820700,0.0,0.0,1500.0,,
7955439997586683917,3416.0,1705.0,,8416.0,963.0
7955439997586683917,3416.0,2585.0,,8416.0,963.0
7955439997586683917,3416.0,1210.0,,8416.0,963.0
7955439997587858948,1066.66,800.0,100.0,,0.0
7955439997587859291,233.0,350.0,105.0,66.0,0.0
7955439997587859303,769.23,1000.0,105.0,0.0,0.0
7955439997587861817,142.85,100.0,104.0,0.0,
1470002575936436177,,,,,
1469592163271953933,133.0,400.0,103.5,0.0,
7955439997587861821,333.0,50.0,106.0,,0.0
7955439997586685538,3462.0,4500.0,,2346.2,0.0
7955439997587859255,108.33,130.0,98.0,0.0,0.0
7955439997586685609,5000.0,5000.0,,16378.0,12578.0
7955439997586685534,3636.36,4000.0,,8818.18,5636.36
7955439997586685523,2500.0,2500.0,,3785.0,1400.0
7955439997586682819,,,,,
7955439997586683852,4583.3,1146.0,,4041.7,1666.7
7955439997586683333,7200.0,1800.0,,4800.0,600.0
7955439997586683356,,117.0,,,
7955439997587861580,50.0,50.0,102.0,1000.0,500.0
7955439997586685525,1750.0,3500.0,,6150.0,2500.0
7955439997587859293,157.0,157.0,105.0,0.0,
7955439997587861583,414.28,290.0,,1000.0,1.0
7955439997587859254,114.44,103.0,105.0,0.0,
7955439997586683809,5369.0,2160.0,,18119.0,14106.0
7955439997586683809,5369.0,5360.0,,18119.0,14106.0
7955439997586683809,5369.0,480.0,,18119.0,14106.0
7955439997586682605,4173.9,2500.0,,2869.6,1521.7
7955439997586682605,4173.9,1500.0,,2869.6,1521.7
7955439997586682605,4173.9,1600.0,,2869.6,1521.7
7955439997586685521,2500.0,1500.0,,12666.67,11000.0
7955439997586685578,4722.0,7100.0,,12138.9,9972.2
7955439997586685578,4722.0,9900.0,,12138.9,9972.2
7955439997586685572,2857.0,42.0,,11000.0,8000.0
7955439997586683130,5000.0,4500.0,,5888.89,1000.0
7955439997586683279,,27.0,,,
1470002575945812171,175.0,1000.0,1500.0,,
1470002575945830830,107.33,161.0,1500.0,,
7955439997587861952,310.34,180.0,100.0,150.0,0.0
7955439997587861658,571.42,400.0,100.0,0.0,
7955439997587859024,450.0,450.0,96.0,0.0,
7955439997587858967,500.0,200.0,200.0,50.0,0.0
7955439997587859369,50.0,25.0,100.0,,0.0
7955439997587858973,100.0,40.0,100.0,25.0,0.0
1470002575936435132,,859.0,,,
1470002575936435880,,,,,
1470002575945830814,231.0,231.0,1500.0,,
7955439997587858984,480.0,1200.0,103.0,60.0,0.0
7955439997587859375,375.0,300.0,100.0,,0.0
7955439997587861731,333.33,100.0,100.0,0.0,
7955439997587858965,200.0,400.0,100.0,,0.0
7955439997586686609,907.0,1905.0,,5000.0,2500.0
7955439997587861676,372.67,600.0,100.0,133.33,0.0
7955439997586683241,4471.54,3392.52,,15772.35,11382.11
7955439997586683241,4471.54,2107.48,,15772.35,11382.11
7955439997586686673,4100.0,6150.0,,12500.0,10000.0
7955439997586686506,3571.43,5000.0,,9257.14,7900.0
7955439997586682558,3529.0,3000.0,,14500.0,12000.0
7955439997586683265,,67.0,,,
7955439997586686414,3823.5,4700.0,,4617.6,1764.7
7955439997586683710,2222.0,1000.0,,24000.0,20000.0
7955439997586686335,4000.0,6000.0,,15866.67,14000.0
7955439997586686422,3125.0,5000.0,,9938.0,8125.0
7955439997586683616,4032.26,2935.78,,2741.93,806.45
7955439997586683616,4032.26,2064.22,,2741.93,806.45
7955439997586682824,3200.0,1600.0,,9504.0,7560.0
1470002575936435795,,,,,
7955439997586686460,4615.0,6000.0,,11000.0,8000.0
7955439997586686432,2667.0,4000.0,,2763.0,80.0
7955439997586682508,2857.0,10000.0,,4600.0,2742.8
7955439997586686803,6000.0,14400.0,,18700.0,15600.0
7955439997586683656,7142.86,1400.0,,12285.72,10000.0
7955439997586683656,7142.86,3600.0,,12285.72,10000.0
7955439997586683737,4000.0,2400.0,,3500.0,0.0
7955439997586683610,,,,,
1470002575945834348,70.0,140.0,1500.0,,
1470002575945834446,200.0,500.0,1500.0,,
1470002575945814803,300.0,600.0,2000.0,,
7955439997588499915,376.87,3015.0,1500.0,,
1470002575945814982,479.0,1600.0,2000.0,,
1470002575945814890,479.0,650.0,2000.0,,
7955439997588499931,150.0,150.0,1500.0,,
1470002575945814969,269.0,330.0,1900.0,,
7955439997586687009,4630.0,3500.0,,14097.0,10925.0
7955439997586687009,4630.0,9000.0,,14097.0,10925.0
1470002575945820046,500.0,,,1450.0,1200.0
7955439997587859129,520.0,520.0,93.0,0.0,
1470002575936435898,0.0,,,395.45,0.0
1470002575936436517,,,,,
1470002575936435758,1971.0,,,5815.7,4928.57
7955439997587859240,920.0,690.0,100.0,100.0,0.0
7955439997587858997,1260.0,630.0,97.0,50.0,0.0
7955439997587859142,260.0,520.0,102.0,0.0,
7955439997587861834,100.0,30.0,101.0,0.0,
7955439997586684224,5000.0,4000.0,,5162.5,3750.0
7955439997586684402,2857.14,1723.0,,5000.0,3000.0
1470002575936435762,,,,,
7955439997587861836,167.0,100.0,101.0,100.0,
7955439997586685294,,67.0,,,
7955439997587861981,416.67,2500.0,108.0,200.0,0.0
7955439997586684109,5000.0,2000.0,,3000.0,0.0
7955439997586684109,5000.0,1000.0,,3000.0,0.0
1470002575945814185,540.0,1080.0,1500.0,0.0,
7955439997586685268,3600.0,2710.0,,5450.0,2150.0
7955439997586685268,3600.0,4400.0,,5450.0,2150.0
7955439997586685268,3600.0,1890.0,,5450.0,2150.0
7955439997586684553,,58.0,,,
7955439997586684659,4875.0,5200.0,,2743.5,1281.0
7955439997586684659,4875.0,2600.0,,2743.5,1281.0
7955439997588499918,141.46,15.0,1500.0,,
1470002575945820183,240.0,120.0,1500.0,,
1470002575945820232,400.0,300.0,1500.0,,
1470002575945831209,275.4,168.0,,,
1470002575945821818,333.33,500.0,1500.0,,
1470002575945820296,266.67,900.0,1500.0,,
1470002575945815007,369.0,400.0,2200.0,,
1470002575945821447,770.0,400.0,1500.0,,
1470002575945821695,235.6,932.0,1500.0,,
7955439997587859448,62.0,94.0,100.0,0.0,
7955439997587861603,415.3,760.0,90.0,300.0,
7955439997588499939,360.0,720.0,1500.0,,
1470002575945821438,275.0,800.0,1500.0,,
1470002575936435630,8.16,,,394.29,0.0
1470002575945821998,200.0,40.0,1500.0,,
7955439997587859136,333.33,100.0,101.0,0.0,0.0
1470002575971475906,,240000.0,,,
7955439997587859027,1087.5,870.0,103.0,1.0,0.0
7955439997587862014,270.0,540.0,,0.0,
7955439997587858742,74.0,74.0,102.0,0.0,
1470002575945822051,150.0,300.0,1500.0,,
7955439997587859141,,,,,
1470002575945831092,302.0,302.0,1500.0,,
7955439997587859107,1066.66,800.0,102.0,,0.0
7955439997586687088,2666.0,4000.0,,3367.0,0.0
7955439997586686647,,58.0,,,
7955439997587858733,83.0,83.0,,0.0,
1470002575945821562,200.0,400.0,1500.0,,
1470002575936436249,1783.0,9500.0,,394.29,0.0
7955439997586685138,5000.0,5100.0,,12300.0,10500.0
7955662907698966679,,,,,
7955439997586682836,5000.0,1500.0,,17600.0,13200.0
7955439997586686722,3095.0,1548.0,,2000.0,0.0
1470002575936436421,376.0,263.0,,295.71,0.0
7955439997587861876,337.08,300.0,105.0,0.0,0.0
7955439997586687069,3000.0,6000.0,,7575.0,6000.0
7955439997586686719,2381.0,714.0,,12500.0,10000.0
7955439997586682939,4090.9,9000.0,,3125.0,511.4
7955439997586685387,2344.9,1547.6,,2500.0,0.0
7955439997587861604,156.25,250.0,100.0,,0.0
7955439997588499911,98.57,245.0,1500.0,,
7955439997586687040,3260.0,4500.0,,10696.0,8000.0
7955439997586687040,3260.0,3000.0,,10696.0,8000.0
7955439997586685423,,120.0,,,
7955439997586682840,4138.0,4200.0,,10210.0,6517.0
7955439997586682840,4138.0,5800.0,,10210.0,6517.0
7955439997586682840,4138.0,2000.0,,10210.0,6517.0
7955439997586686813,2116.4,635.0,,12000.0,10000.0
7955439997586686813,2116.4,847.0,,12000.0,10000.0
7955439997586682812,2542.4,3200.0,,7881.4,6355.9
7955439997586682812,2542.4,1600.0,,7881.4,6355.9
7955439997586682812,2542.4,700.0,,7881.4,6355.9
7955439997586682812,2542.4,500.0,,7881.4,6355.9
1470002575945815003,,1600.0,1500.0,,
7955439997587861601,383.33,1150.0,104.0,87.5,0.0
1470002575945815087,350.0,700.0,1500.0,,
1470002575936435772,,2300.0,,,
7955439997587861988,2230.77,2900.0,105.0,200.0,
7955439997587858719,104.0,104.0,,0.0,
1470002575945831170,109.36,806.0,1500.0,,
7955439997586684321,2200.0,7000.0,,8700.0,7000.0
7955439997586684321,2200.0,4660.0,,8700.0,7000.0
1470002575945831148,147.1,231.0,1500.0,,
1470002575936435133,909.0,1947.0,,657.14,0.0
7955439997587862009,112.43,380.0,102.0,120.0,
1470002575936435236,2581.0,14076.0,,624.29,0.0
7955439997587859456,714.28,1000.0,100.0,0.0,0.0
7955439997587858813,53.0,160.0,98.0,0.0,
7955439997586683732,3448.0,10000.0,,2241.0,0.0
7955439997586682476,3846.16,2307.66,,10166.64,7500.0
7955439997586682476,3846.16,1153.85,,10166.64,7500.0
7955439997587858935,414.0,310.5,100.0,50.0,
7955439997586685204,1667.0,5000.0,,2360.0,0.0
7955439997586687417,3806.0,4760.0,,5724.0,2020.0
7955439997586687417,3806.0,3450.0,,5724.0,2020.0
7955439997586687417,3806.0,3095.0,,5724.0,2020.0
1470002575945831179,399.37,639.0,1500.0,,
1470002575936435257,4876.0,,,238.9,0.0
7955439997586682282,5384.6,3000.0,,2461.5,0.0
7955439997587861565,153.73,206.0,103.0,0.0,
7955439997586683391,3000.0,900.0,,12900.0,10000.0
7955439997586683391,3000.0,2100.0,,12900.0,10000.0
7955439997586686490,,,,,
1470002575936435304,914.0,2079.0,,484.21,0.0
7955439997587861692,756.52,1740.0,,100.0,
7955439997586682445,5436.62,2765.87,,8307.69,5000.0
7955439997586682445,5436.62,2224.72,,8307.69,5000.0
7955439997586682445,5436.62,1623.45,,8307.69,5000.0
7955439997586682445,5436.62,1082.3,,8307.69,5000.0
7955439997586682445,5436.62,5351.36,,8307.69,5000.0
1470002575945831182,122.28,225.0,1500.0,,
7955439997586683384,2875.0,300.0,,1125.0,375.0
7955439997586683384,2875.0,2000.0,,1125.0,375.0
7955439997586682313,1142.0,4000.0,,3357.0,1714.0
7955439997586687403,5500.0,12100.0,,12350.0,8000.0
7955439997586687403,5500.0,12815.0,,12350.0,8000.0
7955439997586685170,2147.0,1905.0,,4117.0,784.0
7955439997586686902,4000.0,2800.0,,12929.0,10000.0
1470002575945831199,118.84,492.0,1500.0,,
1470002575936435636,1886.0,,,1932.0,1971.42
7955439997586683660,3636.36,2514.29,,2045.45,0.0
7955439997586683660,3636.36,5485.71,,2045.45,0.0
7955439997586682325,5000.0,5500.0,,4181.8,2000.0
7955439997586686518,,169.0,,,
1470002575945822283,315.0,315.0,1500.0,,
1470002575945812192,400.33,1201.0,1500.0,,
7955439997587861528,46.43,130.0,102.0,0.0,
7955439997588499922,102.85,900.0,1500.0,,
7955439997588499922,102.85,540.0,1500.0,,
1470002575945812036,176.66,1325.0,1500.0,,
1470002575945812052,500.0,5000.0,1500.0,650.0,650.0
1470002575945812038,,2000.0,1500.0,,
7955439997587858916,53.33,96.0,98.0,,0.0
7955439997587858898,254.66,191.0,98.0,0.0,0.0
7955439997587858859,644.0,580.0,95.0,0.0,0.0
1470002575945812296,44.4,222.0,1500.0,800.0,800.0
1470002575945812552,350.0,700.0,1500.0,,
1470002575945812516,142.86,1000.0,1500.0,,
1470002575945812217,341.17,986.0,1500.0,1304.34,1304.34
7955439997587858848,257.14,180.0,90.0,0.0,0.0
7955662907699201292,704.0,1380.0,,,0.0
1470002575945812542,480.0,240.0,1500.0,,
7955439997587858815,357.14,250.0,98.0,0.0,0.0
1470002575945812144,200.0,2500.0,1500.0,,
7955439997587861599,115.38,405.0,102.0,0.0,
1470002575945812220,155.08,290.0,1500.0,2291.67,2291.67
1470002575945812316,186.67,280.0,1500.0,859.375,859.375
1470002575936436602,737.0,258.0,,1452.0,663.43
7955439997587858928,400.0,400.0,97.0,0.0,
7955439997587861600,966.67,580.0,,200.0,
1470002575945812559,1000.0,3000.0,1500.0,,
1470002575945815899,315.0,315.0,1500.0,,
7955662907699201046,1093.0,1914.0,,1104.0,0.0
7955439997587861598,40.79,235.0,102.0,0.0,
7955439997586685348,3833.0,1900.0,,13611.0,11111.0
7955439997586685348,3833.0,3100.0,,13611.0,11111.0
7955439997587861596,322.22,290.0,,0.0,
7955439997586684220,3917.0,4700.0,,16500.0,13200.0
7955439997588499913,333.33,1000.0,1500.0,,
1470157558628971343,,2700.0,,,
1470157558628970818,,18360.0,,,
7955662907698966683,,,,,
1470157558628971463,1500.0,17820.0,,1000.0,500.0
1470002575945831309,531.25,850.0,1500.0,0.001,0.0
7955662907699201300,2346.0,4600.0,,25.0,0.0
7955439997586682278,3464.3,9700.0,,4250.0,1000.0
7955439997586682401,3809.0,3800.0,,1905.0,476.0
7955439997586682401,3809.0,4600.0,,1905.0,476.0
7955439997586682401,3809.0,7600.0,,1905.0,476.0
7955439997586683546,,,,,
7955439997586686870,,,,,
1470002575945815975,150.0,150.0,1500.0,,
7955439997586683574,4444.44,4000.0,,17441.18,14117.65
1470002575945831297,400.0,800.0,1500.0,,
7955439997586686851,5000.0,4000.0,,3000.0,0.0
1470002575936435561,920.0,13395.0,,893.71,0.0
7955439997586683386,6522.0,11100.0,,13260.0,10217.0
7955439997586683386,6522.0,3900.0,,13260.0,10217.0
7955439997586687435,2349.0,5982.0,,7225.0,5500.0
7955439997586687435,2349.0,2738.0,,7225.0,5500.0
7955439997586687435,2349.0,2180.0,,7225.0,5500.0
1470002575945816025,176.0,300.0,1500.0,,
7955439997586687533,5333.0,8000.0,,12810.0,10143.0
7955439997586687533,5333.0,1300.0,,12810.0,10143.0
7955439997586687533,5333.0,1900.0,,12810.0,10143.0
7955439997586682488,3939.39,1300.0,,2727.27,0.0
7955439997586682311,666.7,1500.0,,1920.0,800.0
7955439997586682311,666.7,400.0,,1920.0,800.0
7955439997586682311,666.7,100.0,,1920.0,800.0
7955439997586683548,,12000.0,,,
7955439997586683548,,1000.0,,,
7955439997586687130,,71.0,,,
7955439997586687030,4167.0,5000.0,,14166.7,11666.7
1470002575945815954,330.0,330.0,1500.0,,
1470002575936436462,640.0,3358.0,,,0.0
1470157558628971323,2038.0,,,1852.0,500.0
1470002575936436362,1643.0,11500.0,,985.71,0.0
1470002575936435364,,,,,
1470002575945831393,291.0,582.0,1500.0,,
1470002575936435811,273.0,7440.6,,175.24,0.0
1470002575945831447,265.0,1060.0,1500.0,,
1470002575945822264,133.0,362.0,1500.0,,
7955439997586683395,3478.0,3400.0,,5249.0,2609.0
7955439997586683395,3478.0,1800.0,,5249.0,2609.0
7955439997586683395,3478.0,700.0,,5249.0,2609.0
7955439997586683395,3478.0,2100.0,,5249.0,2609.0
7955439997586687366,3719.0,6700.0,,2481.0,731.0
7955439997586687366,3719.0,2970.0,,2481.0,731.0
7955439997586683672,3893.44,2140.56,,7632.58,3571.4
7955439997586683672,3893.44,3791.85,,7632.58,3571.4
1470002575936436202,141.0,276.0,,258.0,3.0
7955662907699201042,1171.0,18032.0,,1254.55,0.0
1470002575945822274,305.0,305.0,1500.0,,
7955439997586685205,2667.0,4000.0,,7633.0,4133.0
7955439997586685202,,92.0,,,
1470002575936435833,,,,,0.0
7955439997586687395,4508.0,1200.0,,7150.0,5150.0
7955439997586687395,4508.0,9500.0,,7150.0,5150.0
7955439997586687395,4508.0,1500.0,,7150.0,5150.0
7955439997586687395,4508.0,1650.0,,7150.0,5150.0
7955439997586687395,4508.0,4000.0,,7150.0,5150.0
7955439997586682271,6428.6,9000.0,,14286.0,12857.0
7955439997586685070,,133.0,,,
7955439997586687372,2976.0,6100.0,,10768.0,7268.0
7955439997586685163,3968.0,4000.0,,5277.0,2500.0
7955439997586683603,3200.0,3200.0,,5350.0,3000.0
7955439997586687400,5500.0,5500.0,,5150.0,2000.0
7955439997586682403,4483.0,5300.0,,2069.0,0.0
7955439997586682403,4483.0,4100.0,,2069.0,0.0
7955439997586682403,4483.0,3600.0,,2069.0,0.0
1470002575936436027,1479.0,8280.0,,985.71,0.0
7955439997586683570,4900.18,9243.06,,8766.95,5444.65
7955439997586683570,4900.18,4005.33,,8766.95,5444.65
7955439997586683570,4900.18,4621.53,,8766.95,5444.65
7955439997586683570,4900.18,2454.54,,8766.95,5444.65
7955439997586683570,4900.18,6675.54,,8766.95,5444.65
7955439997586683506,5454.5,8181.8,,12650.0,11000.0
7955439997586683506,5454.5,3818.2,,12650.0,11000.0
7955439997585088377,,,,,
1470002575945822918,270.0,540.0,1500.0,,
7955439997586683688,4615.0,6000.0,,5615.0,2308.0
7955439997586687516,3248.0,1624.0,,4050.0,1900.0
7955439997586686166,,13.0,,,
1470002575945829848,358.97,700.0,1500.0,,
1470002575945830053,300.0,300.0,1500.0,,
7955439997588499935,70.0,105.0,1500.0,,
1470002575945829741,166.66,500.0,1500.0,,
1470002575945830076,375.0,375.0,1500.0,,
1470002575936436181,99.0,138.0,,295.71,0.0
1470002575945829956,285.0,570.0,1500.0,,
1470002575945829178,69.56,313.0,1500.0,1600.0,1600.0
7955439997586687475,5250.0,2100.0,,14750.0,11250.0
1470002575945830089,102.86,720.0,1500.0,,
7955439997586685669,,30.0,,,
1470002575945829977,240.0,120.0,1500.0,,
1470002575945829161,130.0,130.0,1500.0,,
7955439997586682339,5000.0,26000.0,,2000.0,1000.0
7955439997586682339,5000.0,9000.0,,2000.0,1000.0
1470002575936436430,402.0,2530.0,,854.29,0.0
1470002575945829351,80.0,988.0,1500.0,650.0,650.0
1470002575945829459,510.2,1000.0,1500.0,750.0,750.0
7955439997586683618,1848.74,554.62,,2016.81,0.0
7955439997586683618,1848.74,462.18,,2016.81,0.0
7955439997586683618,1848.74,924.37,,2016.81,0.0
7955439997586683618,1848.74,258.82,,2016.81,0.0
1470002575945829970,100.0,200.0,1500.0,,
7955439997586685923,2380.0,1000.0,,1667.0,0.0
7955439997586682259,3500.0,7000.0,,16000.0,10000.0
7955439997586683461,4166.7,5000.0,,2666.7,0.0
7955439997586685935,2500.0,1000.0,,875.0,0.0
7955439997586687500,3071.0,2150.0,,3450.0,0.0
7955439997586687500,3071.0,1050.0,,3450.0,0.0
7955439997586687500,3071.0,1100.0,,3450.0,0.0
7955439997586687354,3515.0,2000.0,,18030.0,15454.0
7955439997586687354,3515.0,5600.0,,18030.0,15454.0
7955439997586687354,3515.0,4000.0,,18030.0,15454.0
7955439997586682286,1333.0,2000.0,,4800.0,0.0
7955439997586683467,4000.0,73.0,,2000.0,0.0
1470002575936435800,273.0,765.0,,164.29,0.0
7955439997586683653,3977.0,4773.0,,5573.0,2273.0
7955439997586683653,3977.0,2227.0,,5573.0,2273.0
7955439997586683667,4000.0,12.0,,8200.0,5000.0
7955439997586683667,4000.0,1200.0,,8200.0,5000.0
1470002575945827521,467.0,512.0,1500.0,,
1470002575945826113,306.0,500.0,1500.0,,
1469278379854782229,2333.3,7000.0,,5783.3,4000.0
1470002575945823188,522.5,1463.0,1500.0,,
1470002575945823560,,,,,
1470157558564695065,5836.7,4600.0,,11285.7,5510.2
1470157558564695065,5836.7,9700.0,,11285.7,5510.2
1470002575945822966,325.0,1200.0,1500.0,,
1470002575945819598,1287.73,1030.0,1500.0,0.001,0.0
1470002575945819604,1751.47,1630.0,1500.0,500.0,176.05
1470002575945826851,266.66,400.0,1500.0,,
1470002575945819373,649.16,2337.0,1500.0,0.001,0.0
1470002575945822925,432.0,890.0,2000.0,,
1470002575945823612,360.0,1800.0,2000.0,,
1469592163271958238,580.0,2320.0,,240.0,0.0
1470002575945819884,362.28,254.0,1800.0,0.001,0.0
1469592163271954699,580.0,3480.0,,71.42,0.0
1469592163271956459,217.5,870.0,,1000.0,250.0
1470157558564695029,2789.1,1214.3,,6571.4,857.1
1470157558564695029,2789.1,1714.3,,6571.4,857.1
1469592163271958696,294.0,1769.0,,499.0,346.0
1469278379855013201,4000.0,3800.0,,8750.0,7000.0
1470157558564694968,5583.75,4500.0,,3427.0,761.42
1470157558564694968,5583.75,6500.0,,3427.0,761.42
1469592163271956517,241.67,580.0,,0.0,0.0
1469278379855013711,3850.0,4600.0,,11750.0,9000.0
1469278379855013162,3888.89,7000.0,,14866.67,13200.0
1470157558564695503,5692.3,1200.0,,7615.4,6153.9
1470157558564695503,5692.3,2500.0,,7615.4,6153.9
1469278379855013999,3400.0,2720.0,,4500.0,3000.0
1469278379855013178,4000.0,4000.0,,18100.0,15000.0
1469278379855013709,3980.0,3980.0,,2850.0,1000.0
1470157558564695302,2500.0,3500.0,,2500.0,714.28
1469278379855013866,4286.0,4286.0,,4560.0,1625.0
1470157558564695246,2454.4,1500.0,,,2753.8
1470157558564695246,2454.4,3100.0,,,2753.8
1469278379855014013,4300.0,4300.0,,20580.0,18000.0
1470002575945826812,137.14,480.0,1500.0,,
1470002575945815400,233.33,300.0,1500.0,,
1470157558564696020,2427.75,1100.0,,4450.82,2312.13
1470157558564696020,2427.75,2700.0,,4450.82,2312.13
1470157558564695015,7400.0,3700.0,,2600.0,0.0
1470157558564695278,3750.0,4500.0,,6833.3,4166.7
1470157558564696048,4285.7,1200.0,,3642.77,2571.37
1470157558564696048,4285.7,1800.0,,3642.77,2571.37
1470157558564694955,5387.9,9000.0,,6357.8,1525.9
1470157558564694955,5387.9,16000.0,,6357.8,1525.9
1470157558564694955,5387.9,25000.0,,6357.8,1525.9
1470157558564695316,4465.0,1200.0,,2742.0,1290.3
1470157558564695316,4465.0,1800.0,,2742.0,1290.3
1470157558564695316,4465.0,1300.0,,2742.0,1290.3
1470157558564695316,4465.0,2500.0,,2742.0,1290.3
1470157558564695316,4465.0,120.0,,2742.0,1290.3
1469592163271966877,878.92,11426.0,,13.33,0.0
1470002575956819287,725.0,2320.0,,0.0,0.0
1470002575936435666,,2760.0,,,
1469592163271966831,847.69,11020.0,,13.33,0.0
1470002575945818784,138.46,180.0,,0.001,0.0
7955662907699201023,304.0,3827.0,,6440.0,0.0
1470002575936435240,2442.29,2137.0,,788.57,0.0
1469592163271964379,1301.0,71567.95,,186.0,0.0
1469986569858493820,354.44,319.0,,0.0,
1470002575945826389,74.0,500.0,1500.0,,
1470002575945828681,205.0,2893.0,1500.0,,
1470002575945815204,460.0,0.0,1500.0,,
1470157558564695670,4090.9,4500.0,,2636.2,818.2
1470002575945818642,89.43,80.0,1500.0,0.001,0.0
1470157558564694951,3846.0,10000.0,,11730.8,9615.4
1470002575936435923,2065.0,,,657.14,1121.95
1469278379855012351,5000.0,10000.0,,22350.0,18750.0
1469278379855012457,5000.0,5000.0,,14865.0,12000.0
7955662907699201188,71.4,6440.0,,,
1470157558564695696,3375.0,2700.0,,11437.5,5937.5
1469278379855013783,4882.0,4500.0,,6370.0,3529.0
1470002575956819423,420.5,8410.0,,50.0,0.0
7955439997582573439,3333.3,3500.0,,5066.7,2666.7
7955439997582573439,3333.3,1500.0,,5066.7,2666.7
7955439997582573418,4923.0,12200.0,,19890.0,16900.0
7955439997582573418,4923.0,5800.0,,19890.0,16900.0
7955439997582573418,4923.0,4700.0,,19890.0,16900.0
7955439997582573418,4923.0,9300.0,,19890.0,16900.0
1470157558564695255,6578.9,7000.0,,4868.4,2236.8
1470157558564695255,6578.9,8500.0,,4868.4,2236.8
1470157558564695255,6578.9,9500.0,,4868.4,2236.8
1470002575936435348,562.0,590.0,,350.48,0.0
1470157558564696083,4403.3,4200.0,,11440.2,8642.0
1469278379855009957,1667.0,0.0,,4066.6,2333.3
1470002575945815356,80.0,80.0,1500.0,,
1470157558564695271,4333.33,4000.0,,9466.67,6666.67
1470157558564695271,4333.33,1200.0,,9466.67,6666.67
7955662907699200979,725.12,,,888.27,2066.44
1469592163271951607,128.49,417.6,,600.0,300.0
1469592163271951933,348.0,1740.0,,170.0,150.0
1470002575945827931,265.0,1034.0,1500.0,,
1470157558564694924,2500.0,2000.0,,2625.0,0.0
1470157558564694924,2500.0,2500.0,,2625.0,0.0
1470157558564694924,2500.0,3500.0,,2625.0,0.0
7955439997582573651,1645.57,866.67,,8607.59,6455.7
1470002575956819417,87.0,174.0,,25.0,0.0
1470002575945826131,66.0,300.0,1500.0,,
1469278379855013081,4000.0,4000.0,,6400.0,3500.0
1469278379855012250,4600.0,6800.0,,22880.0,22000.0
1469278379855012250,4600.0,10400.0,,22880.0,22000.0
1469278379855012250,4600.0,5800.0,,22880.0,22000.0
7955662907699201026,477.0,6013.0,,5520.0,0.0
1469278379855013134,3700.0,3700.0,,4350.0,2000.0
1470002575945826322,103.0,103.0,1500.0,,
1470157558564694907,4347.8,1000.0,,13014.6,11014.5
1470157558564694907,4347.8,4000.0,,13014.6,11014.5
1469278379855009939,3125.0,2500.0,,8197.0,6072.0
1470002575945815250,200.0,0.0,1500.0,,
1470157558564695463,3537.74,3500.0,,9438.62,6226.4
1470157558564695463,3537.74,1000.0,,9438.62,6226.4
7955439997582573662,3833.33,2300.0,,15723.08,9623.08
7955439997582573336,3421.0,1400.0,,9737.0,6579.0
7955439997582573336,3421.0,1100.0,,9737.0,6579.0
7955439997582573336,3421.0,6100.0,,9737.0,6579.0
7955439997582573336,3421.0,4400.0,,9737.0,6579.0
1470157558564694891,5020.9,12000.0,,14476.9,12133.9
1469278379855013106,3968.0,4200.0,,3867.0,2000.0
1469278379855013088,4250.0,8500.0,,7900.0,6000.0
1470157558564695244,4000.0,11000.0,,16800.0,12727.27
7955439997582573280,2500.0,1500.0,,20468.7,16406.3
7955439997582573280,2500.0,3250.0,,20468.7,16406.3
7955439997582573280,2500.0,1750.0,,20468.7,16406.3
1469278379855012632,2750.0,3000.0,,2900.0,1000.0
1470157558564696022,3720.9,16000.0,,3255.8,1046.5
1470002575936435710,365.28,,,1012.0,2863.0
1470157558564695655,2800.0,2000.0,,6466.54,1866.67
1470157558564695655,2800.0,6400.0,,6466.54,1866.67
1470157558564695976,4615.4,3000.0,,14000.1,12000.0
1470157558564695748,4000.0,1200.0,,11694.1,8750.0
1470157558564695748,4000.0,2500.0,,11694.1,8750.0
1470157558564695748,4000.0,1100.0,,11694.1,8750.0
1470157558564695621,3478.3,4000.0,,1565.1,0.0
1470157558564694696,5661.8,4200.0,,27538.5,24615.4
1470157558564694696,5661.8,3500.0,,27538.5,24615.4
1470157558564695719,3193.5,1600.0,,18480.0,16500.0
1470157558564695719,3193.5,1800.0,,18480.0,16500.0
1470157558564695009,5555.56,12000.0,,11535.1,8592.6
1470157558564695009,5555.56,3000.0,,11535.1,8592.6
1470157558564695323,3200.0,1600.0,,21400.0,19200.0
7955439997582573707,2000.0,6000.0,,2900.0,1833.0
7955439997582573750,4444.4,2000.0,,15046.3,9490.7
7955439997582573750,4444.4,6000.0,,15046.3,9490.7
1470157558564695896,2666.7,1200.0,,3416.7,0.0
1470157558564695896,2666.7,2000.0,,3416.7,0.0
7955662907699201170,89.76,8096.0,,1602.0,0.0
1470002575945826660,60.0,120.0,1500.0,,
1470157558564695510,5357.14,7500.0,,12542.82,9714.3
1469592163271962113,362.5,290.0,,0.0,
1469592163271961656,476.45,8700.0,,20.0,20.0
1470157558564696041,3750.0,3500.0,,1656.3,625.0
1470157558564696041,3750.0,2500.0,,1656.3,625.0
1469592163271962434,63.8,191.4,,116.0,0.0
1470002575945826840,500.0,500.0,1500.0,,
1470157558564695528,2200.0,1100.0,,11052.0,8800.0
1470002575945828197,465.45,512.0,1800.0,1000.0,500.0
1469592163271963764,464.0,2320.0,,0.0,0.0
1470157558564695683,5000.0,2000.0,,8350.0,2625.0
1469592163271963897,66.2,46.4,,0.0,
1469592163271956708,124.29,174.0,,0.0,0.0
1470157558564695362,6000.0,1800.0,,3666.6,0.0
7955662907699201181,,9200.0,,,
1469592163271957049,580.0,5800.0,,38.46,0.0
1470157558564694762,4798.8,12381.0,,9302.3,7751.9
1470157558564695971,5000.0,5000.0,,10500.0,8000.0
1469278379855004484,4611.1,4150.0,,10611.1,8000.0
7955439997582573852,2727.0,3000.0,,8091.0,5909.0
1469592163271966208,,,,,
1470157558564694892,4117.6,2000.0,,7705.9,4117.6
1470157558564694892,4117.6,5000.0,,7705.9,4117.6
1470157558564694811,4095.56,12000.0,,8464.16,6825.93
1470002575936435544,387.27,,,1748.0,630.85
1469592163271962452,232.0,208.0,,200.0,100.0
7955439997587860139,116.0,290.0,,120.0,80.0
1469883818362504929,4200.0,4200.0,,19000.0,16000.0
7955439997582574258,2000.0,7000.0,,7214.29,5714.29
1469592163271951077,212.49,467.48,,0.0,
1470157558564695361,4273.0,6500.0,,2554.4,0.0
1470157558564695361,4273.0,2000.0,,2554.4,0.0
1469278379855011999,3666.67,4000.0,,29483.0,27083.0
7955439997582573897,3846.2,5000.0,,1769.2,0.0
1470002575945820006,350.0,700.0,1500.0,,
1470157558564695454,4761.9,2500.0,,13690.54,11428.6
1470157558564695454,4761.9,7500.0,,13690.54,11428.6
1470157558564695955,2732.2,1500.0,,2274.8,819.7
1470157558564695955,2732.2,2500.0,,2274.8,819.7
1470002575945819969,325.0,1000.0,1500.0,,
1469278379855012134,4000.0,2000.0,,20000.0,18000.0
1470157558564695707,1250.0,700.0,,4698.6,2602.9
1470157558564695707,1250.0,1000.0,,4698.6,2602.9
1469278379855012195,1786.0,0.0,,6400.0,5200.0
1470157558564695072,2529.41,400.0,,5403.4,705.9
1470157558564695072,2529.41,3900.0,,5403.4,705.9
1469278379855012035,1500.0,1500.0,,3300.0,2000.0
1470157558564695386,5490.0,2200.0,,21375.8,16129.0
1470157558564695386,5490.0,6200.0,,21375.8,16129.0
1469278379855012093,,,,,
1469278379855012118,3025.0,2000.0,,16325.0,13700.0
7955439997582574177,2857.14,2500.0,,1392.87,714.29
7955439997582574177,2857.14,1500.0,,1392.87,714.29
7955439997582573822,4200.0,5500.0,,3846.0,0.0
7955439997582573782,5000.0,1400.0,,14666.7,12000.0
7955439997582573782,5000.0,4600.0,,14666.7,12000.0
1470157558564695154,2516.8,3500.0,,13899.0,10078.0
1470002575945823122,,2200.0,1500.0,,
1470002575945819961,226.0,452.0,1500.0,,
1470002575945819631,457.14,914.0,1500.0,2150.0,2000.0
1470157558564695090,2631.6,4000.0,,18702.9,16353.4
1470157558564695090,2631.6,1500.0,,18702.9,16353.4
1470157558564695774,2039.2,600.0,,21079.2,19893.0
1470157558564695579,5921.0,4500.0,,10855.2,7894.7
1470002575956819449,696.0,1392.0,,,0.0
1470002575945819649,200.0,0.0,1500.0,1000.0,1000.0
1470157558564695134,4054.1,1200.0,,12972.8,10810.8
7955662907699201205,112.32,33750.0,,1232.14,0.0
1470002575945819562,687.0,687.0,1500.0,,
1470157558564695932,4000.0,2000.0,,2100.0,600.0
1470002575945819418,383.33,1150.0,1500.0,6000.0,1.0
1470157558564695567,4195.8,6000.0,,5855.9,2937.0
1470002575945819660,388.0,200.0,1500.0,,
7955439997587862079,1160.0,1160.0,,0.0,
1470002575945820030,1000.0,2900.0,1500.0,,
1470157558564695201,2923.1,600.0,,1538.4,0.0
1470157558564695201,2923.1,1500.0,,1538.4,0.0
1470002575936435220,,,,,
1469592163271957710,188.62,1160.0,,562.5,112.5
1470002575945819650,433.84,2000.0,1500.0,2400.0,2400.0
1469592163271952064,319.93,799.82,,200.0,
7955439997582573679,3500.0,1300.0,,8076.0,5900.0
7955439997582573679,3500.0,4700.0,,8076.0,5900.0
1470157558564695836,5063.5,2871.0,,4232.8,1322.8
1470002575945819662,423.0,423.0,1500.0,,
1469592163271965018,696.0,3132.0,,0.0,
1469592163271960033,67.67,121.8,,0.0,
7955439997582573772,5714.0,0.0,,1850.0,0.0
7955439997582573772,5714.0,4000.0,,1850.0,0.0
1470002575945819639,166.66,700.0,1500.0,0.0,0.0
1469278379855009862,5069.0,14700.0,,12250.0,9500.0
1469592163271954845,232.0,464.0,,75.0,0.0
7955439997582574029,3000.0,3300.0,,4500.0,0.0
7955439997582574029,3000.0,1300.0,,4500.0,0.0
1469278379855012981,5000.0,5000.0,,3700.0,2000.0
1469278379855009801,5000.0,10000.0,,2800.0,1500.0
1470157558564695571,3906.0,10000.0,,3417.9,1562.5
1470002575956821719,96.66,203.0,,0.0,0.0
1470002575945823060,852.0,426.0,1500.0,0.001,0.0
1470002575945819573,147.33,884.0,1500.0,,
1470157558564695188,2000.0,2000.0,,2250.0,1250.0
1470002575945819447,290.0,900.0,1500.0,,
1470002575945819474,,986.0,1500.0,,
1470002575945819886,,395.0,1500.0,,
7955439997582573956,4615.0,6000.0,,5346.0,3077.0
1470002575945819673,333.6,556.0,1500.0,,
1470157558564695798,3442.6,1500.0,,19657.3,18181.1
1470002575945819865,411.0,588.0,1500.0,37.18,37.18
1469592163271962078,519.4,696.0,,63.0,13.0
1470002575945819565,400.0,927.0,1500.0,2400.0,2400.0
1469278379855012956,5200.0,5200.0,,4500.0,2000.0
1470002575945819340,288.0,432.0,1500.0,3800.0,3800.0
1469278379855012979,4000.0,3700.0,,3866.66,1666.66
7955439997582574083,3333.33,2000.0,,2041.67,0.0
7955439997582573380,4756.0,3700.0,,4844.4,0.0
7955439997582573380,4756.0,17700.0,,4844.4,0.0
1469592163271965242,1160.0,1160.0,,0.0,2500.0
1469278379855012901,5000.0,5000.0,,3400.0,1000.0
1470157558564695151,2000.0,1000.0,,1200.0,0.0
1469592163271953490,217.5,652.5,,0.0,0.0
7955439997583324761,5500.0,5500.0,,5200.0,750.0
1470157558564695800,2830.0,0.0,,3679.2,0.0
1470157558564695800,2830.0,1500.0,,3679.2,0.0
7955439997583324905,2857.1,800.0,,2619.0,1428.6
1469278379855012971,3810.0,5714.0,,3981.0,2167.0
1469278379855009787,2785.0,3570.0,,9152.0,7450.0
1470157558564696089,2400.0,2500.0,,4200.0,3000.0
7955439997582573354,3000.0,6000.0,,18500.0,15000.0
1469278379855009791,4793.0,5900.0,,19300.0,16500.0
7955662907699200965,24804.0,,,399.54,1001.25
7955439997582574093,5500.0,5500.0,,6350.0,1500.0
7955439997582573959,3761.0,2358.0,,3065.0,1316.0
1469278379855012985,3572.0,3300.0,,5676.0,3920.0
7955439997583325890,4800.0,13200.0,,16545.45,13963.64
7955439997583325089,5681.82,3000.0,,18674.23,15151.1
7955439997583325665,5666.67,2300.0,,4055.5,1000.0
7955439997583325143,2857.1,3000.0,,3714.5,0.0
1469592163271954239,773.33,580.0,,0.0,0.0
7955439997583325117,6375.0,2800.0,,25125.0,21250.0
1469592163271962263,414.28,1740.0,,0.0,
1469592163271956653,407.81,652.5,,0.0,0.0
1469592163271962368,773.33,580.0,,0.0,0.0
1469592163271958337,174.0,870.0,,360.0,0.0
7955439997583325939,4000.0,2800.0,,9071.43,6857.14
7955439997583325875,3662.0,13000.0,,16984.2,15000.0
7955439997583325325,3777.78,3400.0,,5111.06,1666.67
7955439997583325348,4411.8,4000.0,,21930.2,17813.0
1470002575956821870,94.13,222.14,,10.0,0.0
1469278379855013358,1520.0,400.0,,2250.0,0.0
1469278379855013404,4083.0,4900.0,,6750.0,4167.0
1470002575956819363,253.69,253.69,,150.0,
1469278379855014583,4286.0,6500.0,,23310.0,19710.0
1470002575956821868,135.58,104.4,,16.0,16.0
1469592163271956256,1160.0,696.0,,0.0,0.0
7955439997582576310,4146.34,1700.0,,2439.02,0.0
1469278379855014611,2727.0,3000.0,,18181.0,15909.0
7955439997582576316,6140.0,3500.0,,5263.0,0.0
7955439997583325744,3500.0,7000.0,,4650.0,2350.0
1470002575956819390,244.76,611.9,,120.0,0.0
7955439997582573318,3889.0,3000.0,,15206.0,12778.0
7955439997582573318,3889.0,2300.0,,15206.0,12778.0
7955439997582573318,3889.0,1700.0,,15206.0,12778.0
1470002575945827273,204.8,512.0,1500.0,,
7955439997583325269,4615.38,9000.0,,4923.08,2564.1
1469592163271955087,248.57,174.0,,0.0,
1470002575956821872,200.87,464.0,,114.09,5.0
1470002575945828406,551.96,701.0,1500.0,,0.0
7955439997582573554,1684.0,2021.0,,28552.6,27500.0
1469278379855014591,3214.0,3700.0,,8643.0,6343.0
1469278379855014596,3538.0,4600.0,,2813.0,83.0
7955439997583325231,2909.09,4200.0,,2681.8,0.0
7955439997582576323,3026.0,2800.0,,4279.0,173.0
7955439997582576323,3026.0,8700.0,,4279.0,173.0
1469278379855013918,3800.0,3800.0,,12790.0,9200.0
7955439997583325840,5333.3,8000.0,,24300.0,21666.7
7955439997583325960,4843.75,9300.0,,11791.67,10416.67
1469278379855013924,1733.3,2600.0,,19250.0,17500.0
7955439997582576288,3181.82,3500.0,,2840.9,0.0
7955439997582573292,4000.0,2000.0,,30237.0,26640.0
7955439997582573484,4285.7,857.0,,33642.8,32142.8
7955439997583324735,3000.0,3000.0,,2480.0,0.0
7955439997583324753,3970.0,6000.0,,12756.7,6629.2
1470002575945827397,580.0,696.0,1500.0,,
1470002575945827251,375.0,300.0,1500.0,,
1470002575956819375,251.58,1006.3,,0.0,0.0
1469592163271956426,1309.68,4060.0,,0.0,0.0
7955439997587860171,820.0,820.8,,,0.0
1470002575956819248,504.35,2320.0,,0.0,0.0
1469883818362505080,2600.0,2600.0,,11240.0,9650.0
1469592163271956428,1469.33,22040.0,,240.0,0.0
1469278379855005426,4000.0,3500.0,,15584.0,14300.0
7955439997587860166,382.8,191.4,,,0.0
7955439997586929225,4575.0,5900.0,,11450.0,9542.0
1469883818362505012,5500.0,11000.0,,10200.0,6500.0
7955439997583324848,3594.77,2200.0,,9910.1,7058.8
1469278379855014451,3000.0,5000.0,,15000.0,12500.0
1470002575956819361,720.0,1602.4,,500.0,0.0
7955439997583325860,5000.0,2800.0,,24955.36,23214.29
7955439997583325094,3500.0,7000.0,,11250.0,9000.0
1469278379855014731,2933.3,3000.0,,4680.0,3000.0
7955439997583325804,3414.63,7000.0,,1463.41,0.0
1469592163271961931,1221.05,17400.0,,308.82,0.0
7955439997587862108,334.78,2320.0,,0.0,0.0
1470002575956819246,396.84,754.0,,0.0,0.0
7955439997586929229,4000.0,2920.0,,12500.0,9800.0
7955439997583325072,4666.67,5000.0,,2666.67,1000.0
7955439997583325682,6153.8,8000.0,,8846.1,7692.3
7955439997583325716,3292.3,4000.0,,32220.1,28636.4
7955439997583325714,3391.3,3900.0,,17608.7,15000.0
7955439997583325743,4300.0,4300.0,,7000.0,5000.0
7955439997583325814,3793.1,11000.0,,31951.7,29448.3
1469278379855014657,3500.0,4000.0,,9698.25,6775.0
1469883818362505040,4000.0,1200.0,,12000.0,9500.0
7955439997583325136,4777.8,3500.0,,5133.3,4000.0
7955439997583325568,3529.4,4000.0,,2941.1,882.3
1469278379855008683,3600.0,3500.0,,12000.0,10000.0
1469278379855004461,2538.0,800.0,,7808.0,6000.0
1469278379854783274,2000.0,3000.0,,4943.0,3277.0
1470002575945828365,584.67,877.0,1500.0,,
7955439997588499916,446.66,670.0,1500.0,,
1470002575945823114,500.0,1800.0,1500.0,,
1470002575945827988,459.5,919.0,1500.0,,
1470002575945827721,360.0,900.0,1500.0,,
1470002575945823466,282.0,480.0,1500.0,,
1470002575945827252,409.22,780.0,1500.0,2000.0,2000.0
7955439997588499934,506.0,1265.0,1500.0,,
1469592163271962897,437.28,1224.0,,0.0,0.0
1470002575945828569,466.0,606.0,1500.0,,
1470002575945827587,340.9,600.0,1500.0,1000.0,1000.0
1470002575945826888,815.0,815.0,1500.0,,
1470002575945818823,428.0,535.0,1500.0,,
1470002575945827224,240.0,600.0,1500.0,1000.0,1000.0
1470002575945818760,208.57,120.0,1500.0,,
1470002575945828561,35156.0,900.0,1500.0,1000.0,1000.0
1470002575945818801,130.43,120.0,1500.0,,
1470002575945827204,212.7,1000.0,1500.0,,
1470002575945828048,346.87,555.0,1500.0,0.0,0.0
1470002575945827286,629.0,629.0,1500.0,1400.0,1400.0
1470002575945828609,549.09,604.0,1500.0,,
1470002575945818838,200.0,250.0,1500.0,,
1469592163271960926,1000.5,3001.5,,50.0,50.0
1470002575945818836,484.21,276.0,1500.0,0.0,0.0
1470002575945818802,233.6,500.0,1500.0,,
1470002575945828565,243.0,640.0,1500.0,1000.0,1000.0
1470002575945826896,302.0,604.0,1500.0,,
1470002575945818829,193.45,325.0,1500.0,,
1470002575945818758,166.11,500.0,1500.0,,
1470002575945818732,,280.0,1500.0,,
1470002575945818664,,334.0,1500.0,,
1470002575945828612,1040.0,260.0,1500.0,,
1470002575945827111,414.09,911.0,,,0.0
1470002575956819629,180.0,450.0,,300.0,180.0
1470002575945828452,513.0,477.0,1500.0,,
1469592163271955139,2338.71,2900.0,,300.0,0.0
1469592163271962843,290.0,580.0,,0.0,
7955439997583325208,4109.59,7500.0,,5753.42,3881.3
7955439997587382970,1976.5,8000.0,,2273.0,0.0
7955439997587382970,1976.5,400.0,,2273.0,0.0
1469592163271960239,269.55,841.0,,0.0,0.0
7955439997583325326,2307.69,1500.0,,20153.69,18461.5
1470002575945818641,577.77,520.0,1500.0,,
7955439997583325028,4742.1,7210.0,,1578.94,0.0
7955439997583325019,3846.2,2000.0,,18173.0,15384.6
7955439997587382976,4250.0,17000.0,,3000.0,0.0
1470002575945828346,778.57,500.0,1500.0,,
1470002575945827564,601.19,505.0,1500.0,,
7955439997583325633,3609.0,3970.0,,2045.5,0.0
7955439997583325183,6000.0,12000.0,,9570.0,8250.0
7955439997583325017,1530.0,71.4,,1785.7,0.0
1470002575945818674,573.29,690.0,1500.0,,
1469278379855014057,2900.0,4200.0,,17400.0,15000.0
1470002575945827296,529.27,434.0,1500.0,0.0,
1469278379855014078,3076.0,4000.0,,13885.0,12000.0
7955439997583324983,8781.67,5300.0,,1166.67,0.0
7955439997587382630,3571.4,2500.0,,3428.6,1428.6
7955439997586929230,3889.0,7000.0,,13927.0,11333.0
7955439997586929227,4705.88,4000.0,,13271.47,11176.47
7955439997583324930,6666.6,4000.0,,17125.0,14000.0
1470002575945827301,430.0,576.0,1500.0,,
1470002575945827192,,200.0,1500.0,,
1470002575945818819,687.3,866.0,1500.0,,
1470002575945827882,449.33,674.0,1500.0,,
7955439997583325318,4109.59,15000.0,,8767.14,5616.44
1470002575956819661,870.0,1740.0,,0.0,0.0
7955439997587382959,6000.0,1800.0,,11617.0,6900.0
7955439997587382959,6000.0,30000.0,,11617.0,6900.0
7955439997587382605,1818.2,2000.0,,6891.1,5709.1
7955439997583324994,5000.0,2000.0,,9372.0,6250.0
7955439997586929231,5000.0,6000.0,,6804.2,4791.7
1470002575945826974,538.46,700.0,1500.0,,
1469278379855014157,4444.0,4000.0,,12000.0,10000.0
1469278379855008618,4000.0,4000.0,,13000.0,11000.0
1469278379855014171,4714.0,7071.0,,4600.0,1000.0
1470002575945827026,,660.0,1500.0,,0.0
7955439997587382927,3000.0,1500.0,,4500.0,1500.0
7955439997587382872,3148.0,1700.0,,13333.0,11111.0
7955439997587382925,3696.0,1700.0,,6085.0,2174.0
7955439997583324819,2608.7,5000.0,,3173.91,1000.0
7955439997587382625,2238.8,1500.0,,5485.1,2985.1
1470002575945818834,644.44,870.0,1500.0,,
7955439997583324912,2928.0,3000.0,,2262.5,62.5
7955439997583324962,4812.02,4380.95,,2684.21,0.0
1470002575945827703,,400.0,1500.0,0.0,0.0
7955662907700729406,,,,,
7955439997583325219,3846.1,5000.0,,3296.2,1648.2
7955439997583923973,,,,,
7955439997587382532,1800.0,3600.0,,800.0,0.0
7955439997587382600,3235.3,2200.0,,2500.1,0.0
7955439997587382546,2000.0,2000.0,,4700.0,1500.0
7955439997587382711,1578.9,1500.0,,1587.3,8.4
7955439997587859950,,,,,
7955439997587382536,3333.3,2000.0,,10666.7,6000.0
7955439997587382655,3000.0,3000.0,,1300.0,0.0
7955439997587382663,3333.3,10000.0,,2466.6,0.0
7955439997587382733,7222.2,3000.0,,6400.0,1600.0
7955439997587382733,7222.2,3500.0,,6400.0,1600.0
7955439997583324831,5862.0,6000.0,,4137.7,1436.8
7955439997583325281,4290.4,9000.0,,3861.4,1056.1
7955439997583324824,3547.16,9400.0,,3433.96,0.0
7955439997587382477,2666.7,4000.0,,14033.3,10200.0
1469278379855004689,4545.0,10000.0,,17198.0,14909.0
7955439997583324839,5536.0,7000.0,,2880.0,640.0
1469278379855004656,4500.0,9000.0,,20400.0,16500.0
7955439997587382726,2578.9,450.0,,4144.6,1381.6
7955439997587382726,2578.9,2000.0,,4144.6,1381.6
7955439997583325030,1857.14,1300.0,,2857.12,1714.28
1469278379855004745,2800.0,5000.0,,12757.28,11008.0
7955439997583324818,2926.9,6000.0,,3634.0,1024.3
7955439997583324802,5000.0,5000.0,,2500.0,0.0
7955662907700729410,,,,,
7955439997587382343,4000.0,2400.0,,9416.7,7500.0
7955662907700729413,,,,,
1469278379855008981,5160.0,12000.0,,5576.6,1883.3
7955439997587382427,4091.0,4500.0,,9454.5,6818.2
7955439997587382139,3470.0,8675.0,,1981.0,0.0
7955439997587382139,3470.0,3227.0,,1981.0,0.0
1469278379855008968,714.0,714.0,,6300.0,4500.0
7955439997583325445,843.6,357.1,,8318.7,6000.0
1469278379855004642,4773.0,4500.0,,19375.0,16875.0
7955439997583324837,5555.56,10000.0,,9444.47,6666.67
7955439997587382715,1578.9,1500.0,,3062.5,0.0
1469592163271952223,881.6,22040.0,,960.0,640.0
1469278379855004669,4000.0,4000.0,,3200.0,1100.0
1469278379855008939,1845.0,1900.0,,4450.0,2250.0
7955439997587382313,5731.0,4285.0,,9073.0,6481.0
7955439997587382313,5731.0,1905.0,,9073.0,6481.0
7955439997587382181,3158.0,3000.0,,10526.3,7368.4
1469278379855004819,4000.0,4000.0,,12300.0,10000.0
1469278379855004566,4600.0,4600.0,,16700.0,13200.0
7955439997583325662,4166.67,7800.0,,2435.89,0.0
7955439997583325550,2500.0,5000.0,,6380.0,3000.0
7955439997587382064,5862.1,8500.0,,6103.7,1379.3
7955439997587382070,7520.0,7000.0,,12199.8,7200.0
7955439997587382070,7520.0,8200.0,,12199.8,7200.0
7955439997587382394,4832.5,4500.0,,10051.5,6314.4
7955439997587382394,4832.5,5850.0,,10051.5,6314.4
7955439997587382394,4832.5,8400.0,,10051.5,6314.4
7955439997587382084,2500.0,6000.0,,6733.3,4833.3
7955439997587382084,2500.0,1500.0,,6733.3,4833.3
7955439997587382420,3325.0,4800.0,,5850.0,3370.0
7955439997587382420,3325.0,3000.0,,5850.0,3370.0
7955439997587382420,3325.0,7000.0,,5850.0,3370.0
7955439997583325134,2617.8,5000.0,,14602.1,10518.3
1469592163271960051,530.29,928.0,,300.0,
7955439997583325172,3809.5,3000.0,,6238.1,4285.7
1469592163271966521,659.75,1319.5,,0.0,0.0
1469592163271964201,734.18,1160.0,,153.85,0.0
7955439997583324884,4583.33,8511.9,,14987.5,12500.0
1469278379854782992,3750.0,7500.0,,14375.0,10500.0
7955439997583324780,3281.2,2300.0,,2343.9,1041.7
1469592163271966522,580.0,1160.0,,0.0,0.0
7955439997587381838,2071.0,20.0,,3300.0,1100.0
7955439997587381838,2071.0,3500.0,,3300.0,1100.0
1469592163271963224,232.0,464.0,,0.0,0.0
7955439997587382142,6666.7,3000.0,,13222.0,13333.3
7955439997583325179,3684.2,3000.0,,2000.0,0.0
1469278379855014870,3200.0,3200.0,,8205.0,5475.0
1469278379855014850,2500.0,5000.0,,12810.0,10500.0
1469883818362505065,2200.0,2200.0,,10285.0,8571.0
1469883818362505068,5000.0,5000.0,,12000.0,10000.0
7955439997587381878,3688.0,2200.0,,8821.0,5703.0
7955439997587381878,3688.0,7500.0,,8821.0,5703.0
1469592163271960747,662.86,2320.0,,150.0,
7955439997583324878,2580.65,6700.0,,3225.74,1161.29
7955439997583324795,3000.0,6000.0,,2250.0,750.0
1469592163271962153,1017.34,2523.0,,170.07,0.0
1469278379854677088,2000.0,2000.0,,13280.0,12000.0
1469278379854782863,3000.0,6000.0,,9020.0,3300.0
7955439997587382117,4800.0,2400.0,,16600.0,13600.0
7955439997583325440,6349.2,7142.9,,19833.3,16500.0
1469278379855009149,2140.0,1900.0,,13075.0,11500.0
1469592163271958226,460.0,580.0,,160.0,0.0
7955439997583325175,4210.5,4000.0,,12105.26,9210.5
1469278379854677048,1600.0,1600.0,,1760.0,0.0
1469883818362504748,1131.6,4300.0,,7578.9,5526.3
1469278379855009107,2100.0,2100.0,,11600.0,10000.0
7955439997587382012,6428.6,4500.0,,11276.1,7619.0
7955439997583325040,2165.21,190.48,,7658.3,5200.0
1469278379855009143,3100.0,7000.0,,5750.0,4000.0
1469278379855008909,1667.0,1400.0,,4333.0,2500.0
1469278379854782933,2000.0,2600.0,,3076.93,2153.85
1469278379855008896,2000.0,1500.0,,4656.25,3906.25
7955439997587382020,5806.0,2000.0,,23548.8,19355.0
7955439997587382020,5806.0,700.0,,23548.8,19355.0
7955439997587382020,5806.0,900.0,,23548.8,19355.0
1469278379854781842,524.0,1100.0,,8024.0,5595.0
1469278379854781834,2051.0,1600.0,,2692.0,1410.0
1469278379854782526,2667.0,8000.0,,5667.0,2666.0
1469278379854677051,1120.0,2800.0,,2252.0,0.0
7955439997587382011,5666.7,1700.0,,8000.0,5000.0
7955439997583325486,5238.0,11000.0,,15893.0,13000.0
1469592163271960777,1177.4,2354.8,,320.0,0.0
7955662907700729414,,,,,
7955439997587381699,5000.0,12000.0,,3125.0,0.0
7955439997587381677,4500.0,550.0,,13439.9,10666.7
7955439997587381677,4500.0,3500.0,,13439.9,10666.7
7955439997587381683,3600.0,1800.0,,7333.0,4000.0
7955439997587381706,3773.6,4000.0,,9083.1,8207.5
7955439997587381706,3773.6,0.0,,9083.1,8207.5
7955439997587381932,5157.9,400.0,,8526.3,5263.2
7955439997587381932,5157.9,4500.0,,8526.3,5263.2
1470002575956819706,580.0,464.0,,0.0,0.0
7955439997587860202,1102.0,1102.0,,1506.0,404.0
1469592163271967037,644.44,2900.0,,25.0,70.0
1469278379855005004,3550.0,7100.0,,9050.0,5500.0
1469278379855008262,4000.0,4000.0,,4650.0,2400.0
1469278379855005101,2280.0,4200.0,,7280.0,4480.0
1469278379854782145,2700.0,2700.0,,9650.0,7200.0
7955439997587381805,5800.0,1700.0,,18400.0,16000.0
7955439997587381805,5800.0,1200.0,,18400.0,16000.0
1469278379855008401,4000.0,8000.0,,12450.0,10000.0
1469278379854782199,2333.0,7000.0,,4300.0,2500.0
1469278379854783032,2500.0,10000.0,,3227.5,1452.5
1469278379854782215,1200.0,1200.0,,5110.0,2800.0
1469592163271954209,696.0,1392.0,,0.0,0.0
1469592163271960616,290.0,580.0,,183.2,
7955439997587381884,6000.0,2400.0,,12103.6,8303.6
7955439997587381884,6000.0,3240.0,,12103.6,8303.6
7955439997587381884,6000.0,1800.0,,12103.6,8303.6
7955439997587381884,6000.0,1200.0,,12103.6,8303.6
1469278379855008269,3200.0,1050.0,,7267.0,5333.0
7955439997587381959,4109.6,1500.0,,13356.1,11872.1
7955439997587381959,4109.6,800.0,,13356.1,11872.1
7955439997587381959,4109.6,3700.0,,13356.1,11872.1
7955439997587381959,4109.6,12000.0,,13356.1,11872.1
1469592163271964117,426.71,725.4,,80.0,0.0
1469278379855008124,3500.0,1000.0,,14750.0,11000.0
1469278379854783035,1531.25,6125.0,,9125.0,7718.75
1469592163271966530,835.0,986.0,,0.0,0.0
7955439997587381889,3448.0,2000.0,,17250.0,12500.0
7955439997587381889,3448.0,17.0,,17250.0,12500.0
7955439997587381889,3448.0,1000.0,,17250.0,12500.0
7955439997587381889,3448.0,2500.0,,17250.0,12500.0
1469278379855008060,2766.0,8000.0,,2333.0,667.0
1469278379854782985,2500.0,7500.0,,2333.0,0.0
1469278379854782123,2353.0,2353.0,,2647.0,0.0
1469278379854782123,2353.0,1647.0,,2647.0,0.0
1469278379854781877,3200.0,8000.0,,1920.0,0.0
1469278379855008816,2750.0,1250.0,,8588.5,7720.0
1469278379855008041,5500.0,11000.0,,17750.0,15000.0
1469278379855008072,4200.0,8000.0,,3386.0,702.0
1469278379855008812,1183.0,200.0,,3200.0,1600.0
7955439997587381722,3854.8,0.0,,18510.4,16605.6
7955439997587381722,3854.8,5238.0,,18510.4,16605.6
7955439997587381722,3854.8,2857.0,,18510.4,16605.6
7955439997587381774,1968.5,1300.0,,5466.8,4285.7
7955439997587381774,1968.5,1200.0,,5466.8,4285.7
1469278379854782996,2857.14,4000.0,,4035.72,1071.43
1469883818362504719,2813.0,4500.0,,8750.0,6562.5
1469883818362504819,3000.0,1500.0,,1400.0,0.0
7955439997587381738,3125.0,1200.0,,3333.3,0.0
7955439997587381738,3125.0,1800.0,,3333.3,0.0
1469592163271956842,699.28,1485.96,,350.0,0.0
1469278379854782474,3800.0,3800.0,,7300.0,3000.0
1469278379854783171,3333.3,4000.0,,3083.0,0.0
1469278379855005184,3000.0,2100.0,,7700.0,6000.0
1469592163271956798,580.0,2900.0,,40.0,0.0
1469592163271962268,651.87,599.72,,0.0,0.0
1470002575956819221,1096.2,1096.2,,300.0,
1469278379855008161,4000.0,4000.0,,10850.0,8000.0
1469278379854782782,1500.0,3000.0,,1500.0,500.0
1469278379855004922,2937.5,4000.0,,5546.875,3125.0
1469278379854782076,2083.33,2500.0,,42833.33,40833.33
1469592163271958267,696.0,870.0,,0.0,
1470002575956819604,807.11,669.9,,120.0,0.0
1470002575956819603,1082.67,812.0,,200.0,0.0
1469592163271958257,805.56,725.58,,200.0,0.0
1469278379855008350,4000.0,1956.0,,3774.0,1576.0
1469278379854782109,4347.83,8000.0,,8423.91,2717.39
1469592163271960170,348.0,1044.0,,83.33,0.0
1469278379855004915,1500.0,3000.0,,9684.0,7000.0
1469278379855004992,4000.0,1500.0,,4933.0,2000.0
1469883818362504808,4000.0,4000.0,,9250.0,5500.0
1469278379855004968,3125.0,6000.0,,4848.4,2208.3
1469278379855008417,4000.0,2400.0,,16100.0,13200.0
1469278379855008436,3428.0,2900.0,,3365.0,1771.0
1469278379854782492,3000.0,6000.0,,4000.0,2000.0
1469883818362504791,3000.0,3000.0,,16000.0,13000.0
1469278379854782092,4000.0,4000.0,,21750.0,18000.0
1469278379855005215,4091.0,9000.0,,9779.0,7006.0
7955439997587860220,870.0,870.0,,250.0,0.0
1469592163271967068,348.0,1447.68,,0.0,0.0
7955439997587860204,580.0,580.0,,1000.0,0.0
1469592163271966489,845.3,2030.0,,112.5,0.0
1469592163271960069,1962.8,16251.6,,250.0,0.0
1469592163271963217,290.0,580.0,,0.0,
7955662907700729412,,,,,
7955662907700729408,,,,,
1469592163271954133,1001.0,1001.0,,125.0,0.0
1469592163271958407,580.0,580.0,,0.0,0.0
1469592163271961960,942.5,1885.0,,0.0,50.0
1469278379854782876,2678.0,7500.0,,3678.0,1071.0
7955439997587860246,966.67,870.0,,900.0,600.0
1469278379854782828,3000.0,6000.0,,3437.5,62.5
1469278379854782119,2333.3,7000.0,,5783.3,4000.0
1469592163271964968,666.67,290.0,,,
1469278379854782851,3041.67,7300.0,,3125.0,1041.67
1469278379854782268,2900.0,2900.0,,14750.0,10000.0
1469278379854782283,2000.0,4000.0,,3500.0,750.0
1469592163271956790,1251.0,1251.0,,900.0,200.0
1469592163271961950,966.0,1450.0,,133.33,0.0
1469592163271956037,397.26,870.0,,33.33,33.33
1469592163271954470,1013.1,2320.0,,625.0,0.0
1469592163271951726,865.67,580.0,,46.0,46.0
1469278379854782050,2800.0,2800.0,,1950.0,0.0
1469592163271959560,290.0,696.0,,390.0,390.0
1469592163271960177,326.25,652.5,,150.0,0.0
1469592163271963955,966.67,2900.0,,0.0,0.0
1469592163271954429,998.08,479.08,,50.0,0.0
1469592163271963926,632.73,1740.0,,0.0,0.0
1469278379854783140,4500.0,9000.0,,5100.0,2000.0
1469278379854781994,2142.86,1500.0,,1821.43,714.29
1469278379854783068,1033.3,15500.0,,4566.7,2600.0
1469883818362504759,3000.0,7500.0,,4100.0,2000.0
1469278379854781931,1500.0,800.0,,3000.0,0.0
1469278379854783099,2500.0,3000.0,,3000.0,1250.0
1469278379854783099,2500.0,7000.0,,3000.0,1250.0
7955662907700729405,0.0,,,0.0,0.0
7955439997587860207,928.0,464.0,,50.0,0.0
1469592163271961702,2301.59,2900.0,,416.67,0.0
1469592163271961614,282.73,212.05,,0.0,0.0
1469592163271960967,725.0,580.0,,350.0,0.0
1469592163271960243,749.16,899.0,,0.0,0.0
1469592163271963393,966.6,1450.0,,6200.0,6000.0
1469278379854677161,4000.0,6000.0,,10600.0,8000.0
1469278379854677158,3150.0,6300.0,,4750.0,2500.0
7955439997582574640,1500.0,1500.0,,5000.0,3750.0
7955439997582574390,3000.0,3000.0,,13000.0,10000.0
1469278379854782909,1904.76,8000.0,,3095.24,1666.67
7955439997582574361,2600.0,2600.0,,9500.0,5714.3
7955439997582574438,1363.0,790.0,,9636.0,7727.0
7955439997582574438,1363.0,710.0,,9636.0,7727.0
1469278379854677186,2666.7,3200.0,,7912.5,4666.7
1469278379854782910,1416.67,1700.0,,28683.33,24850.0
7955439997582574398,3000.0,2100.0,,8428.6,5000.0
7955439997582574632,1000.0,400.0,,16250.0,15000.0
7955439997582574418,3750.0,6000.0,,11719.0,9375.0
7955439997582574691,1280.0,480.0,,300.0,0.0
7955439997582574691,1280.0,800.0,,300.0,0.0
1469278379854781801,2666.67,3000.0,,2666.67,0.0
7955439997582574594,1300.0,800.0,,7310.0,5385.0
7955439997582574503,5000.0,5000.0,,16850.0,14000.0
1469883818362504782,2812.5,9000.0,,10009.38,6409.38
1469278379854783238,1500.0,3000.0,,8500.0,6000.0
7955439997582575567,1500.0,3000.0,,3100.0,0.0
7955439997582574448,3.0,3000.0,,8528.6,6214.3
7955439997582574458,2500.0,2500.0,,2800.0,0.0
7955439997582574553,2625.0,3680.0,,10437.0,8312.0
7955439997582574535,3000.0,900.0,,12500.0,10000.0
1469278379854782689,1666.67,2500.0,,12250.0,10000.0
7955439997582575502,3333.0,6000.0,,18277.0,15111.0
7955439997582575487,2307.6,4020.0,,2653.8,1153.8
1469453888487996632,55.93,131.0,203.0,177.42,
1469453888487996632,55.93,200.0,203.0,177.42,
1469453888487995462,309.13,333.86,188.0,416.67,277.78
7955439997582574782,4239.0,10592.0,,2700.0,0.0
7955439997582574782,4239.0,5508.0,,2700.0,0.0
7955439997582576065,2680.0,7500.0,,10929.0,7857.0
7955439997582576107,2666.0,2960.0,,5581.0,3853.0
7955439997582576107,2666.0,1040.0,,5581.0,3853.0
7955439997582576012,3500.0,3500.0,,8800.0,6600.0
7955439997582574817,4500.0,2700.0,,3444.5,0.0
7955439997582576000,4000.0,12000.0,,13000.0,10000.0
7955439997582576071,3120.0,3200.0,,11341.0,8537.0
7955439997582575413,2400.0,6000.0,,6800.0,4000.0
7955439997582575412,1800.0,2700.0,,2800.0,1000.0
7955439997582575354,1200.0,1200.0,,13775.0,12800.0
7955439997582575649,5000.0,4500.0,,20333.0,15000.0
7955439997582575655,3000.0,1200.0,,11875.0,10000.0
7955439997582575614,2040.0,6000.0,,13571.43,12006.8
7955439997582575722,2142.0,3000.0,,3856.0,1071.0
7955439997582575697,2705.8,4600.0,,1412.0,0.0
7955439997582575606,3125.0,25000.0,,9625.0,6125.0
7955439997582575770,,,,,
7955439997582575771,361.0,1500.0,,1566.0,482.0
7955439997582575100,1875.0,15000.0,,4875.0,3750.0
7955439997582576973,4286.0,15000.0,,6857.0,4000.0
7955439997582575304,1422.2,1800.0,,9800.0,6666.7
7955439997582575304,1422.2,1400.0,,9800.0,6666.7
7955439997582575038,2900.0,2900.0,,3800.0,2000.0
7955439997582575356,2500.0,5000.0,,6188.0,563.0
7955439997582577018,2353.0,8000.0,,4570.6,988.2
7955439997582577141,3300.0,6600.0,,9687.5,7600.0
7955439997582577085,2500.0,5000.0,,9300.0,7200.0
7955439997582577085,2500.0,6250.0,,9300.0,7200.0
7955439997582577212,3400.0,6800.0,,3865.0,65.0
7955439997582575099,800.0,800.0,,1875.0,0.0
7955439997582577089,3182.0,3500.0,,9100.0,5500.0
7955439997582575258,2000.0,6000.0,,3334.0,667.0
7955439997582577291,1500.0,4500.0,,8000.0,2000.0
7955439997582575028,135.22,2600.0,,1864.08,407.77
7955439997582575028,135.22,4400.0,,1864.08,407.77
7955439997582575118,1111.0,2000.0,,4694.0,2722.0
7955439997582575260,1372.5,1509.8,,14828.4,11764.7
7955439997582575260,1372.5,3431.4,,14828.4,11764.7
7955439997582577244,3620.0,10500.0,,15344.0,11724.0
7955439997582577153,3600.0,1800.0,,12408.0,10008.0
7955439997582577183,3080.0,2900.0,,2759.0,38.0
7955439997582577183,3080.0,2500.0,,2759.0,38.0
7955439997582577183,3080.0,2600.0,,2759.0,38.0
7955662907697650386,,500.0,,,
7955662907697650384,,3000.0,,,
7955662907697650381,,,,,
7955662907697650388,800.0,7700.0,,100.0,0.0
7955439997582577869,2941.18,1250.0,,5352.94,3294.12
7955439997582577877,2400.0,720.0,,2850.0,0.0
7955439997582577877,2400.0,480.0,,2850.0,0.0
7955439997582577864,1500.0,1500.0,,6500.0,5000.0
7955439997582576617,34.0,17.0,,2200.0,600.0
7955439997582576696,800.0,200.0,,1500.0,0.0
7955439997582576696,800.0,600.0,,1500.0,0.0
7955439997582576622,3750.0,1600.0,,3345.0,1883.0
7955439997582576622,3750.0,1400.0,,3345.0,1883.0
7955662907697650383,,7700.0,,,
7955439997582579410,1500.0,2470.0,,1333.0,0.0
7955439997582579059,625.0,687.0,,500.0,0.0
7955439997582577940,670.0,700.0,,20057.0,19000.0
7955439997582577941,1571.0,1100.0,,5169.0,2900.0
7955439997582577909,1750.0,1400.0,,4800.0,3300.0
7955439997582577922,3488.0,3000.0,,6512.0,4070.0
7955439997582577912,1000.0,100.0,,1700.0,0.0
7955439997582576572,3200.0,1600.0,,4900.0,3000.0
7955439997582576682,1944.4,3500.0,,1694.4,0.0
7955439997582576669,3000.0,1500.0,,1276.0,327.2
7955439997582577856,3250.0,975.0,,6844.0,4907.0
7955439997582577856,3250.0,1625.0,,6844.0,4907.0
7955439997582576661,2692.3,700.0,,5000.0,3076.9
7955439997582577841,2210.0,1100.0,,11750.0,8800.0
7955439997582577841,2210.0,900.0,,11750.0,8800.0
7955439997582577840,2640.0,400.0,,1983.0,66.0
7955439997582576651,3000.0,3000.0,,1875.0,0.0
7955439997582576671,2000.0,800.0,,2000.0,0.0
7955439997582576656,2702.7,1090.0,,14954.95,12432.0
7955439997582576656,2702.7,1910.0,,14954.95,12432.0
7955662907697650387,,7700.0,,,
7955439997582579138,769.23,800.0,,2115.4,1153.85
7955662907697650378,2000.0,7700.0,,1100.0,1000.0
7955662907697650390,2323.75,7800.0,,1500.0,0.0
7955662907697650379,,7700.0,,,
7955439997582579408,2200.0,2200.0,,10800.0,8800.0
7955439997582579537,2804.0,1800.0,,12429.0,11252.0
7955439997582579537,2804.0,1200.0,,12429.0,11252.0
7955439997582579490,1666.7,1200.0,,7700.0,5500.0
7955439997582579066,625.0,500.0,,1438.0,0.0
7955439997582579358,555.0,500.0,,4888.0,3500.0
7955439997582579305,1333.0,3000.0,,1050.0,0.0
7955439997582579546,3571.0,1500.0,,3214.0,0.0
7955439997582579546,3571.0,3500.0,,3214.0,0.0
7955439997582579244,2500.0,2750.0,,3357.0,857.0
7955439997582579244,2500.0,3000.0,,3357.0,857.0
7955439997582579516,1538.5,2000.0,,7607.0,6230.0
7955439997582579389,0.0,0.0,,1764.0,0.0
7955662907697650385,884.62,4423.0,,300.0,100.0
1469453888487995656,197.34,505.19,197.5,937.51,820.32
1469418069232862133,148.81,200.0,200.0,209.888,139.925
1469453888487995490,221.88,452.63,180.0,1958.33,
7955439997588499927,435.0,870.0,1500.0,,
7955439997582578155,1667.0,625.0,,2114.0,0.0
7955439997582578155,1667.0,375.0,,2114.0,0.0
7955439997582578155,1667.0,500.0,,2114.0,0.0
7955439997582578159,2727.0,0.0,,1227.0,0.0
7955439997582578159,2727.0,4200.0,,1227.0,0.0
7955439997582578159,2727.0,1800.0,,1227.0,0.0
7955439997582578124,1000.0,350.0,,7214.0,5500.0
1469418069232862185,328.947,1000.0,197.5,324.52,
7955439997582576791,2000.0,3000.0,,7280.0,5813.0
7955439997582576739,4091.0,2700.0,,3412.0,910.0
7955439997582576739,4091.0,1800.0,,3412.0,910.0
1469453888487995677,304.05,900.0,200.0,1069.44,291.67
7955439997582576756,,,,,
7955439997582576719,1666.7,3000.0,,3333.3,1000.0
7955439997582578393,3000.0,600.0,,2625.0,0.0
7955439997582578393,3000.0,3000.0,,2625.0,0.0
7955439997582578393,3000.0,900.0,,2625.0,0.0
7955439997582576750,3000.0,3000.0,,4402.0,2336.0
7955439997582578315,2279.0,3000.0,,2500.0,1765.0
7955439997582578315,2279.0,100.0,,2500.0,1765.0
7955439997582578320,3333.0,1980.0,,1083.0,0.0
7955439997583736661,2857.0,2000.0,,16286.0,15000.0
7955439997583736520,238.06,71.42,,3666.6,0.0
1469453888487995282,521.08,620.09,204.0,1132.08,440.25
7955439997582578200,2000.0,850.0,,4911.0,3300.0
7955439997582578200,2000.0,950.0,,4911.0,3300.0
7955439997582576808,2500.0,2000.0,,6205.0,3237.0
7955439997582576808,2500.0,3035.0,,6205.0,3237.0
7955439997582576808,2500.0,1964.0,,6205.0,3237.0
7955439997582576735,3333.0,1680.0,,24277.0,21523.0
7955439997583736557,5000.0,7000.0,,3142.6,1428.5
7955439997582576742,2000.0,1336.0,,4283.8,2162.2
7955439997582576742,2000.0,2364.0,,4283.8,2162.2
7955439997583736659,3017.0,2500.0,,3016.4,0.0
7955439997582577984,500.0,200.0,,5001.0,3501.0
7955439997588499914,,,,,
1469453888487996695,447.34,1145.17,197.3,117.19,
7955662907697650380,,,,0.0,0.0
7955439997583736504,4167.0,5000.0,,8124.9,6000.0
1469453888487995527,379.6,303.68,194.5,750.0,
7955439997583736626,1190.3,714.2,,2625.0,625.0
7955439997582177084,100.0,20.0,200.0,1062.5,750.0
7955662907697650382,700.0,0.0,,900.0,0.0
7955439997583736779,,,,,
1469453888487996742,318.04,411.2,201.0,240.5,
7955439997582576938,2750.0,1650.0,,5125.0,3000.0
7955439997582576938,2750.0,550.0,,5125.0,3000.0
7955439997583736725,1000.0,600.0,,7500.0,4000.0
7955439997583736782,1349.31,391.3,,4482.7,1379.3
7955439997582578839,1000.0,1000.0,,2375.0,0.0
7955439997582576934,1562.5,1100.0,,14062.5,12187.5
7955439997582576934,1562.5,1400.0,,14062.5,12187.5
7955439997583736793,4000.0,2000.0,,3400.0,1000.0
7955439997582578719,1579.0,1260.0,,7967.0,6736.0
7955439997582578719,1579.0,1740.0,,7967.0,6736.0
7955439997582576864,1500.0,1200.0,,2187.0,0.0
7955439997583736452,1923.0,2000.0,,8538.0,6154.0
7955439997582576878,3000.0,1920.0,,13450.0,10000.0
7955439997582576878,3000.0,750.0,,13450.0,10000.0
7955439997582576878,3000.0,960.0,,13450.0,10000.0
1469453888487995700,617.198,715.95,206.0,1163.793,301.724
7955439997582576829,2857.0,1000.0,,1400.0,0.0
7955439997582576829,2857.0,3000.0,,1400.0,0.0
7955439997582578854,1071.0,1500.0,,16232.0,15000.0
1469453888487995452,401.98,1168.09,197.85,443.93,
7955439997583736728,2667.0,2600.0,,2602.0,0.0
7955439997582578880,770.0,2000.0,,969.0,0.0
7955439997582576924,2000.0,400.0,,1896.0,0.0
7955439997582576924,2000.0,1500.0,,1896.0,0.0
7955439997582576955,2350.0,2300.0,,3800.0,0.0
7955439997582576955,2350.0,,,3800.0,0.0
7955439997583736583,270.4,119.0,,1590.6,0.0
7955439997583736588,3000.0,3000.0,,8550.0,7000.0
7955439997582576889,2600.0,1300.0,,2400.0,0.0
7955439997583736569,508.47,300.0,,3559.32,2033.89
7955439997583736750,3000.0,1500.0,,7900.0,4800.0
7955439997582576567,2000.0,1420.0,,7875.0,5250.0
7955439997582576567,2000.0,580.0,,7875.0,5250.0
7955439997583736709,3157.0,1200.0,,23156.0,21052.0
7955439997582576887,3400.0,2040.0,,9380.0,7047.0
7955439997582576887,3400.0,3060.0,,9380.0,7047.0
7955439997583736746,555.6,1000.0,,2522.0,1142.0
7955439997583736803,2857.1,2857.1,,2160.0,0.0
7955439997583736836,2580.0,2000.0,,10580.0,9032.0
7955439997583736806,4400.0,2200.0,,2200.0,0.0
7955439997583736809,670.0,800.0,,692.0,0.0
1469453888487996644,833.33,2000.0,210.0,1000.0,500.0
7955439997583736605,3322.26,1428.57,,3255.8,1162.8
7955439997583736454,3750.0,3000.0,,2200.0,0.0
7955439997583736453,3000.0,2800.0,,10285.0,6428.0
7955439997583736459,1076.9,300.0,,2153.3,615.3
7955439997583736457,2000.0,400.0,,10750.0,9000.0
1469453888487996662,446.429,850.0,185.5,750.0,357.142
7955439997583736619,748.0,642.9,,15696.7,12209.0
7955439997583736634,1000.0,1000.0,,6400.0,4200.0
7955439997583736613,2083.33,1200.0,,1666.67,0.0
1469453888487996448,78.79,1216.48,181.33,95.18,
7955439997582576548,933.0,2000.0,,1948.0,0.0
7955439997582578921,1000.0,1000.0,,6065.0,4445.0
7955439997583736882,2142.8,1000.0,,16928.5,15000.0
7955439997582579014,1500.0,750.0,,1500.0,0.0
7955439997583736535,3000.0,1500.0,,8000.0,6000.0
7955439997582576543,3789.5,3600.0,,2568.4,0.0
7955439997582578603,1100.0,1100.0,,7600.0,7000.0
7955439997582578985,625.0,300.0,,833.0,0.0
7955439997582578985,625.0,0.0,,833.0,0.0
7955439997582578671,1968.0,1100.0,,3149.0,1968.0
7955439997582578671,1968.0,1400.0,,3149.0,1968.0
7955439997583736463,520.0,500.0,,3957.0,3125.0
7955439997583736550,2307.6,3000.0,,7922.8,5769.2
7955439997587382033,,,,,
7955439997583736860,1041.0,95.0,,2558.0,0.0
7955439997582578885,1090.9,0.0,,6963.6,5545.0
7955439997582578885,1090.9,1200.0,,6963.6,5545.0
7955439997583736876,3888.8,4000.0,,19999.5,16667.0
1469453888487996557,133.624,306.8,195.0,348.432,
7955439997582578963,555.0,100.0,,1667.0,0.0
7955439997583736843,1563.0,2500.0,,2908.8,0.0
7955439997583736552,2800.0,2600.0,,8699.99,6133.33
7955439997583736514,1500.0,1200.0,,4375.0,2500.0
7955439997583736672,1777.0,1600.0,,1610.3,0.0
7955439997583736671,2142.0,1071.0,,1800.0,0.0
7955439997582576546,1824.0,3400.0,,1973.0,3.6
7955439997582576546,1824.0,600.0,,1973.0,3.6
7955439997582576546,1824.0,2000.0,,1973.0,3.6
7955439997582578621,2200.0,2200.0,,6300.0,4500.0
7955439997582578614,3333.0,1000.0,,8249.0,5916.0
7955439997582578614,3333.0,3000.0,,8249.0,5916.0
7955439997583736490,357.1,357.1,,8400.0,6600.0
7955439997582579007,217.0,200.0,,810.0,0.0
7955439997583736663,5000.0,2500.0,,4800.0,0.0
7955439997583736511,,,,,
7955439997583736476,4762.0,476.19,,1800.0,200.0
7955439997583736472,2000.0,2000.0,,2500.0,1000.0
1469453888487996539,441.18,250.0,190.0,277.78,
1469453888487996565,649.86,1197.06,205.0,755.6,
7955439997584718841,,,,,
1469418069232862221,185.21,177.8,198.0,208.33,0.0
1469453888487996353,294.87,65.0,186.0,1500.0,
1469453888487996353,294.87,50.0,186.0,1500.0,
1469453888487996366,143.23,187.7,217.7,375.0,
1469453888487996335,531.211,309.165,203.0,420.792,
7955439997582577321,1730.0,1100.0,,2153.0,0.0
1469453888487996354,432.15,682.8,198.0,506.34,31.65
7955439997582576498,2800.0,2800.0,,10500.0,8000.0
7955439997582577425,2941.0,1500.0,,13161.0,10808.0
7955439997582577393,1158.0,1228.0,,10330.0,9717.0
7955439997582577395,1200.0,900.0,,10933.0,8533.0
7955439997582577442,2161.8,1470.0,,5220.6,3088.0
1469453888487995624,321.43,180.0,200.0,250.0,0.0
1469453888487995505,125.0,200.0,180.0,312.5,
1469453888487995480,96.325,162.65,202.0,260.811,170.45
1469453888487996968,654.77,1100.0,195.0,259.14,
7955439997582577341,3500.0,5000.0,,2220.0,20.0
7955439997582577497,1667.0,1000.0,,4250.0,2000.0
7955439997582577525,2318.0,1533.0,,6119.0,5224.0
7955439997582577510,2250.0,900.0,,8000.0,5250.0
7955439997582576523,2917.0,3500.0,,7918.0,6250.0
7955439997582576459,800.0,500.0,,2600.0,1000.0
7955439997582576459,800.0,300.0,,2600.0,1000.0
7955439997582577567,3000.0,1800.0,,9917.0,8167.0
1469418069232862199,183.75,169.79,200.0,673.08,0.0
7955439997583734775,1153.3,1038.0,,1333.3,0.0
1469453888487995992,86.215,452.456,188.0,108.696,
7955439997582577485,2500.0,1000.0,,3500.0,1250.0
7955439997582577352,3000.0,3000.0,,11750.0,10000.0
7955439997582577517,1275.5,750.0,,5017.0,3316.3
7955439997582577592,2632.0,2000.0,,4474.0,2632.0
7955439997583735187,1000.0,1500.0,,3700.0,2500.0
7955439997583734806,1428.6,1000.0,,17143.0,15000.0
7955439997583735240,500.0,400.0,,750.0,0.0
7955439997583735242,2235.3,3800.0,,7260.0,5000.0
7955439997583735139,1064.0,745.0,,1428.4,0.0
7955439997583734829,3000.0,3000.0,,3700.0,0.0
7955439997583735115,526.0,500.0,,15342.1,14736.8
7955439997583736252,1857.0,450.0,,1069.0,0.0
7955439997583734947,3703.7,5000.0,,1925.6,444.4
7955439997583734950,2500.0,2500.0,,7720.0,6600.0
7955439997583735459,2068.96,6000.0,,2551.72,1172.41
7955439997583736182,1603.0,1400.0,,1078.0,566.0
7955439997583736199,951.0,1300.0,,1503.0,0.0
7955439997583734756,4682.0,3043.0,,13785.0,12923.0
7955439997583734939,2500.0,5000.0,,9625.0,8000.0
1469453888487995311,196.17,172.63,205.0,1956.11,1623.77
1469453888487995307,330.67,700.0,197.0,288.46,0.0
1469418069232862130,1053.125,0.0,205.0,2946.43,1339.29
1469418069232862175,161.99,237.86,200.0,189.76,
7955439997583735971,375.0,300.0,,501.0,0.0
7955439997583736114,593.0,2857.0,,779.0,525.0
7955439997583736060,750.0,300.0,,750.0,125.0
7955439997583736033,1000.0,400.0,,1125.0,0.0
7955439997583734703,2500.0,2500.0,,4350.0,2500.0
7955439997583736021,634.9,200.0,,634.7,0.0
1469453888487995309,640.05,2372.22,200.0,861.11,0.0
1469453888487996712,89.191,97.3,195.5,593.75,115.809
7955439997583734684,1764.8,3000.0,,882.4,0.0
7955439997583736062,400.0,200.0,,1500.0,0.0
7955439997583734617,2857.0,2857.0,,480.0,0.0
7955439997583734607,3500.0,3500.0,,3700.0,2700.0
7955439997583734601,2500.0,1500.0,,18083.33,16333.33
7955439997583736118,467.0,140.0,,667.0,0.0
7955439997583736045,316.0,95.0,,4332.0,3333.0
7955439997583735982,500.0,600.0,,2924.0,2083.0
7955439997587360486,2000.0,,,1580.0,0.0
7955439997583980593,,,,,
7955439997583735389,3000.0,6000.0,,12000.0,10000.0
7955439997583734824,1000.0,500.0,,150.0,0.0
1469453888487996629,944.17,980.05,192.5,481.7,
1469278379855037778,3500.0,7000.0,,10500.0,8750.0
1469418069232862155,437.258,502.71,206.0,30.864,
7955439997583734867,502.0,1000.0,,0.0,0.0
7955439997583736178,2000.0,3000.0,,2433.0,1333.0
7955439997583736190,263.0,0.0,,760.0,0.0
7955439997583736188,1212.1,500.0,,1250.3,0.0
7955439997583734819,1521.7,3500.0,,847.7,0.0
7955439997583736204,2400.0,1200.0,,1050.0,50.0
1469278379855038216,3500.0,3500.0,,8966.6,7633.3
1469453888487996624,780.31,561.82,182.0,1736.11,
7955439997583736280,1428.0,400.0,,13283.0,11714.0
7955439997583736228,2250.0,900.0,,3000.0,0.0
7955439997583736247,1363.6,300.0,,2045.0,0.0
1469278379855040311,3020.0,1500.0,,9622.4,7656.3
7955439997583736222,2167.0,1300.0,,2083.0,0.0
7955439997582420562,3181.0,7000.0,,11418.0,9100.0
7955439997583736230,667.0,100.0,,3166.0,1833.0
1469418069232862152,277.778,1100.0,204.0,361.11,
7955439997583736261,500.0,400.0,,944.4,0.0
1469418069232862192,56.62,65.5,203.0,202.02,
1469278379855038420,4000.0,4000.0,,10350.0,9000.0
7955439997583735460,1851.85,1666.6,,4555.53,2222.2
7955439997583735466,1666.7,2000.0,,1625.1,416.7
7955439997583735434,571.0,800.0,,1221.43,0.0
1469278379855039238,3000.0,1500.0,,8300.0,6500.0
7955439997583736294,909.0,800.0,,981.0,0.0
1469278379855036872,3571.0,2500.0,,7357.0,5714.0
1469278379855038410,3462.0,4800.0,,11408.0,10000.0
1469278379855037433,595.0,476.0,,5795.0,4063.0
1469278379855038003,3000.0,6000.0,,7000.0,5000.0
1469278379855038441,3000.0,6000.0,,5250.0,4000.0
7955439997583736432,2068.0,1200.0,,2844.0,1293.0
7955439997583736382,1214.0,1700.0,,16316.0,14976.0
1469418069232862226,357.34,700.0,206.0,479.04,
1469418069232862226,357.34,1090.25,206.0,479.04,
1469278379855038115,500.0,1000.0,,6360.0,5000.0
1469278379855038085,4000.0,6000.0,,6000.0,0.0
7955439997583736346,1666.7,500.0,,25833.0,23333.0
7955439997583736423,875.0,700.0,,2000.0,0.0
1469418069232862188,97.97,250.05,196.25,175.82,109.89
7955439997583736350,2000.0,2000.0,,4750.0,3800.0
7955439997583736344,203.7,110.0,,5740.5,4722.2
7955439997583735340,1300.0,300.0,,3200.0,2000.0
7955439997583735354,1700.0,850.0,,3700.0,0.0
7955439997583735250,1500.0,900.0,,3500.0,2000.0
7955439997583736378,1132.0,600.0,,2640.0,754.0
7955439997583736424,200.0,60.0,,2616.2,2616.2
7955439997583736355,2500.0,1000.0,,20875.0,17500.0
1469453888487996882,71.474,223.0,180.0,32.051,
7955439997583735271,111.1,1000.0,,2444.3,1666.6
1469278379855038263,3200.0,3200.0,,9130.0,7700.0
1469453888487996473,87.82,224.38,200.5,234.84,
1469278379855038001,3864.0,4500.0,,7045.0,5455.0
7955439997583735248,2000.0,1000.0,,1400.0,0.0
1469278379855037340,2400.0,2000.0,,6000.0,3500.0
7955439997583735150,2387.04,900.0,,1705.0,85.25
7955439997583735148,1224.5,857.0,,16428.0,15000.0
1469278379855040744,4000.0,2800.0,,5328.0,2828.0
7955439997583736002,923.0,600.0,,4000.0,3077.0
7955439997583735144,5357.0,4285.71,,2250.0,0.0
7955439997583735924,2142.9,3000.0,,22821.5,21000.0
7955439997583735322,1429.0,1000.0,,2160.0,0.0
1469278379855038067,3600.0,1800.0,,10400.0,9000.0
1469278379855037832,3500.0,6700.0,,3450.0,1850.0
7955439997583735919,871.0,1800.0,,7100.0,5500.0
1469278379855038205,3000.0,6000.0,,12244.7,11001.7
1469278379855037385,1600.0,1600.0,,6530.0,5600.0
1469453888487996450,1056.261,929.51,188.2,1052.083,
1469278379855037941,2667.0,3200.0,,12650.0,11000.0
7955439997583735881,1226.7,736.0,,4103.0,3333.0
7955439997583735314,1000.0,1000.0,,3500.0,2000.0
7955439997583735193,1000.0,800.0,,2625.0,1125.0
7955439997583735170,1547.5,470.0,,11000.0,8750.0
7955439997583735176,2060.0,412.0,,4960.0,3460.0
7955439997582420595,3500.0,5500.0,,7150.0,5500.0
1469278379855037718,3647.0,4300.0,,2000.0,0.0
7955439997583735991,1025.0,450.0,,6009.0,4303.0
7955439997583736132,750.0,300.0,,4000.0,2250.0
1469278379855037669,3550.0,1950.0,,7582.5,6765.0
7955439997582420594,2000.0,3000.0,,3300.0,2400.0
1469453888487996519,241.23,170.0,203.0,431.04,0.0
1469453888487996519,241.23,344.9,203.0,431.04,0.0
1469453888487996496,961.96,1000.43,196.0,535.71,
1469418069232862174,254.16,500.0,190.0,200.94,
1469418069232862173,746.846,1015.71,177.5,187.5,
7955439997583736127,1111.0,1000.0,,1222.0,0.0
1469278379855039095,2000.0,2000.0,,9240.0,6000.0
7955439997583734926,1006.7,3000.0,,5033.3,4026.8
1469278379855040414,3250.0,6500.0,,12100.0,10900.0
1469278379855037910,3500.0,2100.0,,1500.0,0.0
7955439997583736076,833.3,500.0,,750.0,0.0
7955439997583736064,1050.0,1050.0,,7500.0,6000.0
1469278379855040894,3000.0,2000.0,,9592.0,6600.0
7955439997583735105,1400.0,1400.0,,5450.0,3500.0
7955439997583735114,840.0,420.0,,8700.0,7000.0
1469278379855039757,700.0,700.0,,6220.0,4000.0
1469278379855039059,3500.0,3500.0,,10437.0,8637.0
1469278379855040896,3500.0,3500.0,,14490.0,12990.0
7955439997583734996,1052.0,2000.0,,2840.0,1052.0
1469278379855038859,1926.0,2200.0,,7533.0,5933.0
7955439997583734965,2222.0,6000.0,,14544.8,12222.3
7955439997583735937,1750.0,700.0,,11687.5,10000.0
7955439997583735098,3142.0,3100.0,,17760.0,16000.0
1469278379855038587,4444.0,4000.0,,10389.0,8889.0
7955439997583736183,1250.0,1000.0,,5363.0,3600.0
7955439997583735066,1500.0,1500.0,,2000.0,0.0
1469278379855039777,2750.0,1900.0,,6750.0,5625.0
1469278379855040089,3450.0,3450.0,,13275.0,9800.0
7955439997582420597,2083.0,2500.0,,15417.0,13750.0
1469453888487996110,53.57,150.0,205.0,142.857,35.714
1469278379855039075,3000.0,2800.0,,4710.0,2570.0
7955439997583734984,,,,,
1469278379855039955,2500.0,2000.0,,6000.0,4000.0
1469278379855039955,2500.0,925.0,,6000.0,4000.0
1469278379855039955,2500.0,975.0,,6000.0,4000.0
1469418069232862172,407.11,740.49,190.0,1541.2,1190.48
1469278379855039036,3500.0,3500.0,,12300.0,10500.0
7955439997583734972,,,,,
7955439997583735035,2500.0,5000.0,,6250.0,2500.0
7955439997583734966,,,,,
1469278379855040840,4000.0,2400.0,,13920.0,11600.0
1469418069232862184,186.03,184.17,206.0,272.73,
1469278379855040903,3200.0,4100.0,,4425.0,2175.0
1469453888487996081,184.76,352.9,204.0,366.49,
1469278379855038789,3500.0,6800.0,,4500.0,3500.0
1469278379855039434,3000.0,2800.0,,3250.0,2000.0
1469453888487996124,167.12,521.41,195.5,144.23,
1469418069232862157,114.991,188.585,197.0,117.188,
1469278379855040235,2500.0,2500.0,,3575.0,3375.0
1469278379855039327,2400.0,1200.0,,6740.0,5500.0
1469418069232862163,444.2,408.66,197.5,326.1,
1469278379855040338,3000.0,6000.0,,14421.0,13380.0
1469278379855040198,1667.0,1000.0,,7834.0,5500.0
1469278379855040148,3333.0,5000.0,,10800.0,8800.0
1469418069232862160,509.335,794.56,205.0,0.0,
1469278379855040214,1500.0,1500.0,,8700.0,7500.0
1469278379855039138,2200.0,3520.0,,10800.0,8800.0
1469278379855040609,3000.0,2400.0,,8312.0,6187.0
1469453888487996145,488.13,300.99,200.0,357.14,0.0
1469418069232862159,210.72,600.0,189.75,178.57,
1469278379855039698,3333.33,2000.0,,1666.67,0.0
1469883818362505273,4285.0,1700.0,,9500.0,6857.0
1469278379855036689,4000.0,4000.0,,11082.0,9100.0
1469278379855040292,2500.0,2500.0,,7332.0,5530.0
7955439997587381874,,,,,
1469453888487996199,69.45,59.46,197.0,770.35,625.0
1469453888487996195,959.88,575.93,205.0,328.13,
1469278379855038661,2444.0,2200.0,,9500.0,8333.0
7955439997583735733,3000.0,3300.0,,2363.0,0.0
1469453888487996201,38.833,93.2,188.5,157.5,120.0
7955439997583735804,2030.0,1015.0,,3100.0,1500.0
7955439997583735627,2000.0,1000.0,,13700.0,11000.0
7955439997583735819,2400.0,1200.0,,2900.0,1000.0
7955439997583735793,1400.0,700.0,,700.0,0.0
1469278379855039859,3500.0,3000.0,,5263.2,4210.5
7955439997583736561,,550.0,,,
1469278379855036710,3800.0,3800.0,,3850.0,2200.0
7955439997583735479,262.0,131.0,,2280.0,0.0
7955439997583735567,,,,,
7955439997583735579,608.7,700.0,,5652.0,5652.0
7955439997583735741,2000.0,2000.0,,1550.0,0.0
1469278379855038730,3800.0,4000.0,,6594.0,5652.0
7955439997583735685,2643.0,2000.0,,17436.1,14400.0
1469278379855037255,4000.0,4000.0,,6170.0,4700.0
1469278379855038729,455.0,500.0,,3090.0,545.0
7955439997583735770,3333.3,4000.0,,3000.0,0.0
7955439997583735605,5000.0,3000.0,,2234.0,0.0
7955439997583735588,1667.0,1500.0,,2888.7,1111.1
1469278379855037217,3000.0,1500.0,,7300.0,5500.0
7955439997583735633,2000.0,1000.0,,2900.0,800.0
7955439997583735732,1666.7,2000.0,,9584.0,8333.3
7955439997583735526,1285.7,900.0,,1500.0,0.0
1469418069232862167,393.216,260.79,189.5,143.631,20.519
7955439997583735521,1190.4,833.3,,1858.0,0.0
7955439997583735591,1250.0,1500.0,,11147.0,9166.6
7955439997583735639,,,,,
7955439997583735601,3666.0,1100.0,,1666.0,0.0
7955439997583735790,3571.4,2000.0,,2571.42,0.0
7955439997583735773,1500.0,1200.0,,3110.0,3345.0
1469278379855038649,3000.0,3000.0,,8952.67,7692.0
7955439997583735665,1238.0,600.0,,9484.8,7010.4
1469278379855038689,3000.0,3000.0,,2200.0,0.0
1469278379855037176,3500.0,2000.0,,6750.0,5500.0
1469278379855037271,2141.0,1500.0,,5135.0,4142.0
1469278379855037274,2000.0,1800.0,,4590.0,2800.0
1469418069232862217,521.51,700.0,189.5,694.44,
1469453888487995331,188.1,297.2,205.0,284.81,
1469278379855036953,2000.0,2000.0,,7583.0,6333.0
1469278379855036637,4000.0,2000.0,,1900.0,0.0
1469278379855036596,4000.0,4000.0,,10640.0,8000.0
1469453888487995806,85.75,52.9,196.0,89.29,
1469278379855037023,2500.0,1500.0,,2250.0,1000.0
1469278379855037069,3000.0,3000.0,,10000.0,8000.0
1469418069232862098,457.746,40.0,230.0,432.016,208.33
1469453888487995779,506.18,500.0,200.0,1470.58,735.29
1469453888487995822,184.934,140.55,196.0,2000.0,1666.667
1469418069232862178,601.22,3500.0,197.0,531.9,118.2
1469418069232862176,231.19,1200.0,198.5,686.24,
1470002575945832268,,,,,
1469418069232862114,617.604,685.54,198.0,446.429,
1469418069232862113,345.84,120.0,181.5,772.63,
1469418069232862107,111.297,135.95,198.5,316.456,79.114
1469418069232862101,250.0,400.0,206.0,312.5,
1469418069232862103,959.08,3740.41,196.83,603.02,
1469278379855039484,2500.0,3000.0,,6400.0,5000.0
1469453888487995619,124.25,59.64,200.0,172.71,
1469453888487995637,357.866,603.24,194.0,312.5,156.253
7955439997587000313,,,,,
1469453888487995617,277.88,424.33,196.0,555.56,
7955439997583735110,3500.0,,,16800.0,14930.0
1469453888487995632,854.721,931.0,200.5,840.158,133.668
1469453888487995629,317.41,184.1,199.5,625.01,0.0
1469418069232862220,465.24,2270.35,201.0,262.24,
1469278379855037239,,3200.0,,,
1469278379855037091,3333.0,5000.0,,6250.0,5500.0
1469418069232862084,202.04,0.0,196.8,1099.92,1086.96
1469861430152705312,714.29,200.0,195.0,902.78,486.11
1469453888487995757,924.66,2700.0,197.0,616.44,
1469453888487995827,533.78,384.32,200.0,965.278,340.278
1469278379855037063,4000.0,3000.0,,4000.0,2000.0
7955439997583734767,,30.0,,,
7955439997583735451,3750.0,,,8520.0,6562.5
7955439997583735929,,,,,
1469418069232862088,335.11,20.64,200.0,176.47,
7955439997582177079,219.0,15.33,221.79,1687.5,1375.0
7955439997583735364,1500.0,1500.0,,2200.0,1000.0
1469953747529844086,561.73,769.85,188.5,1459.14,486.38
1469418069232862219,305.061,400.3,206.0,436.047,
1469453888487995787,225.06,50.0,350.0,275.07,
1469453888487997179,202.703,400.0,185.75,320.513,
1469453888487995938,299.98,1037.93,185.63,635.59,
1469453888487995860,169.77,463.8,201.0,383.63,
1469278379855036726,,,,,
7955439997583923699,,,,,
7955439997582574208,,,,,
7955439997582574188,,,,,
7955439997582576294,,,,,
7955439997583325919,,3600.0,,,
7955439997583325777,2333.0,0.0,,2000.0,0.0
7955439997583325730,,2200.0,,,
1469453888487995940,625.0,400.0,196.0,1343.75,562.5
1469418069232862079,637.63,1000.0,189.5,790.81,178.57
1469453888487995942,579.02,6.0,190.0,802.3,600.96
1469453888487995932,216.22,160.13,197.25,147.06,
7955439997583927543,,,,,
7955439997586684495,,,,,
1469418069232862198,300.52,0.0,198.25,678.03,375.0
7955439997583922910,4.0,4.0,,1600.0,1000.0
1469418069232862203,283.85,594.95,196.5,374.532,187.266
7955439997582576333,,,,,
7955439997582573929,,13980.0,,,
7955439997583923562,,,,,
7955439997582574259,4000.0,5160.0,,10000.0,
7955439997582576976,4.0,,,1300.0,300.0
7955439997582576633,,,,,
10045263171842759826,,,,,
7955439997582573871,,,,,
7955439997582573559,2400.0,2700.0,,1500.0,800.0
7955439997582574081,2.0,,,1500.0,1000.0
7955439997582573868,,3000.0,,,
1469278379855038652,,2.5,,,
7955439997582573513,,2200.0,,,
7955439997582576979,,,,,
7955439997583869131,1.0,,,1000.0,750.0
7955439997583325667,3.0,,,3000.0,3500.0
7955439997583325031,28.0,40000.0,,30.0,30.0
7955439997583324875,4.0,8.0,,4000.0,3000.0
7955439997583325138,20.0,20.0,,1000.0,
7955439997583325904,700.0,7000.0,,100.0,100.0
7955439997583953571,,,,,
1469278379855039948,,,,,
7955439997583324789,,,,,
7955439997580647630,1.0,3.0,,1.0,1.0
10045222585760773352,1.0,,,,
7955439997574930123,10.0,,,6.0,5.0
7955439997577295143,,,,,
7955439997574930069,,,25.0,,
