co_product_id,result_id,result_id_parent,co_product_uid,entity_system_id,type,value_relative_to_crop,country,business_name,date_created,date_synched,fa_name,data_versioning,last_modified_by,last_updated,entity_id
1,1470002575931166739,1470002575931166660,SKOIeiEIbEc,DL-BD-EB-3475,sầu riêng,9.68,Vietnam,Nescafe,2024-07-04 11:28:12,2024-07-04 11:28:12,YEN NGUYEN,,YEN NGUYEN,2024-11-29 06:26:39,283
2,1469997855002392927,1469997855002392848,xGPUTufg6ln,DL-BD-TH-3940,"cây sả, cây tiêu",41.6,Vietnam,Nescafe,2024-06-26 04:04:43,2024-06-28 14:31:09,THOA NGUYEN,0.2,THOA NGUYEN,2024-11-29 09:32:17,79
3,1470002575928403474,1470002575928403395,QD0AQTOCG8K,DL-BD-EB-3673,tiêu,70.0,Vietnam,Nescafe,2024-07-02 04:29:28,2024-07-02 04:29:28,HAI LE,,HAI LE,2024-11-29 06:33:58,311
4,1469918505932401871,1469918505931501983,hpHg0PfwPiS,DL-BD-EB-3219,đfd,2.0,Vietnam,Nescafe,2024-05-21 04:28:29,2024-05-21 04:28:29,ROSSY,,ROSSY,2024-05-21 04:28:29,146
5,1470002575928804201,1470002575928804122,xI8k4LtEMAR,DL-BD-TH-1930,tiêu,6.3,Vietnam,Nescafe,2024-07-02 13:10:08,2024-07-02 13:10:08,HUY NGUYEN,,HUY NGUYEN,2024-11-29 06:19:41,151
6,1469997855002522208,1469997855002522129,O2fPCqa2bJW,DL-BD-TH-1023,cây điều,1.43,Vietnam,Nescafe,2024-06-26 08:58:32,2024-06-28 15:30:06,THOA NGUYEN,0.1,THOA NGUYEN,2024-11-29 06:13:05,318
7,1469997855002751510,1469997855002754546,QsK4arpUz75,DL-BD-CN-5220,điều,0.05,Vietnam,Nescafe,2024-06-26 11:36:08,2024-06-26 13:15:00,MAI NGUYEN,,MAI NGUYEN,2024-11-29 06:25:23,206
8,1469997855006550467,1469997855004066665,Qu7JLHP9r9G,10004-75-12-134,Tiêu,15.3,Vietnam,Nescafe,2024-06-29 03:39:46,2024-06-30 14:30:21,MAI NGUYEN,,MAI NGUYEN,2024-11-29 06:21:33,142
9,1469997855005118110,1469997855005118031,zTgdJHIl2R9,DL-CM-CM-4477,"tiêu, bơ",5.0,Vietnam,Nescafe,2024-06-28 03:20:49,2024-06-28 17:56:41,THOA NGUYEN,0.0,THOA NGUYEN,2024-11-28 03:21:27,231
10,1470002575928360581,1470002575928360502,iVDcRAUTgtr,DL-CM-EMD-4859,Tiêu,20.51,Vietnam,Nescafe,2024-07-02 03:09:14,2024-07-02 17:39:28,MAI NGUYEN,,MAI NGUYEN,2024-11-29 06:48:46,226
11,1469997855004186778,1469997855004186696,TStMQQL0dzV,DL-CM-EK-1784,tiêu,16.0,Vietnam,Nescafe,2024-06-27 08:36:23,2024-09-06 03:19:59,THOA NGUYEN,1.0,THOA NGUYEN,2024-11-29 06:33:02,274
12,1470002576002989827,1470002575926389626,yH5xdHUy5cW,DL-CM-CM-4362,cau,6.0,Vietnam,Nescafe,2024-08-29 17:02:18,2024-08-29 17:02:18,PHUONG NGUYEN,1.0,PHUONG NGUYEN,2024-11-29 06:31:51,284
13,1469997855002829561,1469997855002828643,mxqtLggXzHo,DL-CK-ET-331,tiêu,8.6,Vietnam,Nescafe,2024-06-26 13:04:22,2024-06-26 13:04:22,YEN NGUYEN,,YEN NGUYEN,2024-08-12 08:57:15,47
14,1470002575926582564,1470002575926582485,VvL4j8yaRoT,DL-CK-ET-858,tiêu,26.0,Vietnam,Nescafe,2024-06-29 16:11:27,2024-06-29 16:11:27,HAI LE,,HAI LE,2024-11-29 06:19:45,262
15,1470157558593320386,1470157558593320298,P8fL90bHK7t,CA0222103,bơ,4.35,Vietnam,Nescafe,2024-11-21 03:20:21,2024-12-04 08:50:02,HAI LE,0.0,HAI LE,2025-01-09 08:39:41,222
16,1470002575936969207,1470002575936457697,dztXvIaH57M,L-10004-75-10-0617-2397,"bơ, tiêu",63.0,Vietnam,Nescafe,2024-07-09 15:55:49,2024-07-09 15:55:49,QUYNH TRAN,,QUYNH TRAN,2024-11-29 06:15:04,87
17,1470002575961907730,1470002575961907647,kMsqbrC6WJV,L-10004-75-10-0617-1427,bơ,0.002,Vietnam,Nescafe,2024-07-30 14:52:30,2024-07-30 14:52:30,YEN NGUYEN,,YEN NGUYEN,2024-11-29 06:20:14,96
18,1470157558590856192,1470157558590515407,bv2JJclPih7,DL0722101,sầu,3.85,Vietnam,Nescafe,2024-11-19 14:37:34,2024-12-04 08:21:47,QUYNH TRAN,0.3,QUYNH TRAN,2025-01-09 08:39:50,316
19,1470157558593498508,1470157558593498348,dEKHnVvBgit,CA0423133,sầu,1.52,Vietnam,Nescafe,2024-11-21 05:41:11,2024-12-04 09:34:54,HAI LE,0.3,HAI LE,2025-01-09 08:39:58,305
20,1470157558589472941,1470157558588969665,tasCo3ZhXSe,DL0222084,bơ,1.1,Vietnam,Nescafe,2024-11-18 14:05:40,2024-11-18 14:05:40,QUYNH TRAN,,QUYNH TRAN,2025-01-09 08:38:50,281
21,1470157558588328282,1470157558588328203,c01i657r5Fl,DL0222061,tiêu,30.0,Vietnam,Nescafe,2024-11-16 13:22:40,2024-11-16 13:22:40,PHUONG NGUYEN,,PHUONG NGUYEN,2024-11-16 13:22:40,315
22,1470002575937354552,1470002575937354470,Xswa97f1ooN,L-10004-75-10-0617-1527,"sầu riêng, bơ",2.5,Vietnam,Nescafe,2024-07-10 01:01:25,2024-07-10 04:34:06,HAI LE,,HAI LE,2024-11-29 06:20:06,95
23,1470157558595709348,1470157558594436608,okFxEKQlrV4,CA0422052,tiêu,11.98,Vietnam,Nescafe,2024-11-22 17:01:07,2024-12-04 04:30:26,TIEN PHAM,0.1,TIEN PHAM,2025-01-09 08:38:07,127
24,1470157558590301809,1470157558589159223,xGUWhBzNtWR,DL0322009,tiêu,11.1,Vietnam,Nescafe,2024-11-18 23:48:41,2024-12-04 04:41:11,QUYNH TRAN,1.0,QUYNH TRAN,2025-01-09 08:38:11,157
25,1470002575938883569,1470002575938939665,IcpW9tncjBX,L-10004-75-10-0617-1834,"sầu riêng, bơ",1.2,Vietnam,Nescafe,2024-07-11 03:35:19,2024-07-11 03:35:19,HAI LE,,HAI LE,2024-11-29 06:20:19,158
26,1470002575936769429,1470002575936769350,AA7bLSWJEjT,L-10004-75-10-0617-1447,sầu riêng,8.7,Vietnam,Nescafe,2024-07-09 11:53:14,2024-07-09 11:53:14,HAI LE,,HAI LE,2024-11-29 06:26:31,312
27,1470002575961817822,1470002575936990789,EMkcdum9PvK,L-10004-75-10-0617-323,bơ,0.002,Vietnam,Nescafe,2024-07-30 14:09:20,2024-07-30 14:09:20,YEN NGUYEN,0.0,YEN NGUYEN,2024-11-29 06:11:35,130
28,1470157558594657632,1470157558593442851,McfxtqW3G73,CA0422122,bơ,0.01,Vietnam,Nescafe,2024-11-22 01:50:40,2024-11-22 02:00:42,HAI LE,,HAI LE,2025-01-09 08:38:03,171
29,1470002575942387269,1470002575942387190,lHTOL7sfTuN,L-10004-75-10-0617-4106,sầu riêng,0.0,Vietnam,Nescafe,2024-07-15 15:29:26,2024-07-15 15:29:26,YEN NGUYEN,,YEN NGUYEN,2024-11-29 06:12:16,204
30,1470157558591788928,1470157558589153531,dfNUkCaaAdy,DL0322031,sầu riêng,8.14,Vietnam,Nescafe,2024-11-19 23:24:09,2024-12-04 08:45:05,HAI LE,0.3,HAI LE,2025-01-09 08:40:34,290
31,1470157558594395702,1470157558591900835,TAVCtkagqdr,CA0124119,sầu riêng,0.0,Vietnam,Nescafe,2024-11-21 22:08:06,2024-12-04 08:37:40,QUYNH TRAN,0.2,QUYNH TRAN,2025-01-09 08:40:30,323
32,1470002575939513001,1470002575939512922,PpVifm6Wiw6,L-10004-75-10-0617-030,"tiêu,bơ",32.0,Vietnam,Nescafe,2024-07-11 16:49:56,2024-07-11 16:49:56,YEN NGUYEN,,YEN NGUYEN,2024-11-29 06:17:35,186
33,1470002575935406927,1470002575935406848,Ekl66agF1ml,L-10004-75-10-0617-132,"sầu riêng, bơ, mắc ca",0.52,Vietnam,Nescafe,2024-07-08 16:20:45,2024-07-08 16:20:45,YEN NGUYEN,,YEN NGUYEN,2024-11-29 06:33:45,179
34,1470002575938181014,1470002575938180552,yaCyHq7Dxsw,L-10004-75-10-0617-2225,"sầu riêng, bơ",1.4,Vietnam,Nescafe,2024-07-10 15:32:12,2024-07-10 15:32:16,HAI LE,,HAI LE,2024-11-29 06:11:22,35
35,1470002575934713380,1470002575933856735,RLlAnrl2qe8,L-10004-75-10-0617-3045,mắc ca,4.76,Vietnam,Nescafe,2024-07-08 05:31:35,2024-07-08 05:31:35,QUYNH TRAN,,QUYNH TRAN,2024-11-29 06:26:27,331
36,1470002575934713301,1470002575933856735,m3zoESsZhD6,L-10004-75-10-0617-3045,"bơ, mắc ca",9.59,Vietnam,Nescafe,2024-07-08 05:31:30,2024-07-08 05:31:30,QUYNH TRAN,,QUYNH TRAN,2024-11-29 06:26:27,331
37,1470002575934713222,1470002575933856735,gqnqS8u3ppe,L-10004-75-10-0617-3045,mít,4.95,Vietnam,Nescafe,2024-07-08 05:31:25,2024-07-08 05:31:25,QUYNH TRAN,,QUYNH TRAN,2024-11-29 06:26:27,331
38,1470002575934713121,1470002575933856735,E3aUcsgc52N,L-10004-75-10-0617-3045,tiêu,4.0,Vietnam,Nescafe,2024-07-08 05:31:20,2024-07-08 05:31:20,QUYNH TRAN,,QUYNH TRAN,2024-11-29 06:26:27,331
39,1470157558591756549,1470157558591742851,oih828pysNo,CA0522046,sầu riêng,0.0,Vietnam,Nescafe,2024-11-19 23:02:00,2024-11-19 23:02:00,TIEN PHAM,,TIEN PHAM,2025-01-09 08:39:24,116
40,1470157558591756387,1470157558591742851,tSSTXfwY2JD,CA0522046,măng cụt,0.0,Vietnam,Nescafe,2024-11-19 23:01:59,2024-11-19 23:01:59,TIEN PHAM,,TIEN PHAM,2025-01-09 08:39:24,116
41,1470157558591756306,1470157558591742851,W3LNcEI2dBy,CA0522046,bơ,3.71,Vietnam,Nescafe,2024-11-19 23:01:59,2024-12-05 08:15:12,TIEN PHAM,0.3,TIEN PHAM,2025-01-09 08:39:24,116
42,1470157558591756225,1470157558591742851,zAfWh5Q9CFg,CA0522046,tiêu,11.64,Vietnam,Nescafe,2024-11-19 23:01:58,2024-12-05 08:19:18,TIEN PHAM,0.3,TIEN PHAM,2025-01-09 08:39:24,116
43,1470002575933357158,1470002575933357079,lGMDUzcjuL4,L-10004-75-10-0617-3792,bơ,1.28,Vietnam,Nescafe,2024-07-06 07:47:34,2024-07-06 07:47:34,HAI LE,,HAI LE,2024-11-29 06:18:19,317
44,1470002575945102405,1470002575944949508,JxrP0sEhES5,GL-T4-TRD-PLK-4014,Cây Bơ,0.3,Vietnam,Nescafe,2024-07-17 11:33:30,2024-07-25 05:28:58,TOAN LE,,TOAN LE,2024-11-29 06:12:49,111
45,1470002575944932814,1470002575944932708,mnpxeE4hT0O,GL-LA-GAO-PLK-0891,Tiêu,5.14,Vietnam,Nescafe,2024-07-17 07:37:08,2024-07-25 14:53:09,MAI NGUYEN,0.0,MAI NGUYEN,2024-11-29 06:28:36,83
46,1470002575953013670,1470002575952537336,I6M6SQi86Uw,GL-TH-IAY-IAG-2173,"tiêu, sầu riêng",1.9,Vietnam,Nescafe,2024-07-23 11:35:25,2024-07-23 11:35:25,TOAN LE,,TOAN LE,2024-11-29 06:26:02,154
47,1470002575955492403,1470002575942078341,sXzivPkyEjE,GL-TH2-IAH-IAG-0519,chanh,26.0,Vietnam,Nescafe,2024-07-25 01:34:25,2024-07-25 01:34:34,TOAN LE,,TOAN LE,2024-11-29 06:27:13,234
48,1470002575949899737,1470002575940943075,Dgng7DOmg8A,10004-75-07-GL-LT-IAY-IAG-0748,tiêu,14.5,Vietnam,Nescafe,2024-07-20 08:47:04,2024-07-20 08:47:04,TUYEN HUYNH,,TUYEN HUYNH,2024-11-29 06:19:24,92
49,1469986569859941528,1469986569859940758,Px0k1jdQztl,GL-TH-IAY-IAG- 4130,bơ,20.0,Vietnam,Nescafe,2024-06-20 14:20:59,2024-06-20 14:20:59,MINH ANH LE,,MINH ANH LE,2024-06-20 14:20:59,99
50,1470002575954338912,1470002575948046309,mB9fyzJy2nj,10004-75-07-GL-TH1-IAH-IAG-0503,tiêu,51.0,Vietnam,Nescafe,2024-07-24 05:34:08,2024-07-24 05:34:08,TOAN LE,,TOAN LE,2024-11-29 06:13:34,277
51,1470002575954485772,1470002575948022210,VRci6u7NLEV,GL-PG-IABA-IAG-113,"tiêu, bơ, sầu riêng, chanh dây",25.0,Vietnam,Nescafe,2024-07-24 08:42:08,2024-07-24 08:42:08,TOAN LE,,TOAN LE,2024-11-29 06:25:40,98
52,1470002575946478650,1470002575946478571,v5pNUmYVkvs,GL-GT-CS-4706,sầu riêng,12.3,Vietnam,Nescafe,2024-07-18 06:16:38,2024-07-22 09:06:29,MAI NGUYEN,,MAI NGUYEN,2024-11-29 06:28:16,61
53,1470002575951420011,1470002575938975054,aY24pWbJDkw,GL-GT-CS-4798,sầu riêng,54.3,Vietnam,Nescafe,2024-07-22 10:21:13,2024-07-22 10:21:13,TUYEN HUYNH,,TUYEN HUYNH,2024-11-29 06:25:10,313
54,1470002575946566852,1470002575946596752,hbVO0WzjvJs,GL-GT-CS-4692,Bơ,5.7,Vietnam,Nescafe,2024-07-18 07:46:38,2024-07-18 08:23:21,MAI NGUYEN,,MAI NGUYEN,2024-11-29 06:17:15,46
55,1470002575938938907,1470002575938938749,ZFZtjrdsjv7,GL- CS-IT- IaG- 1080,tiêu,0.065,Vietnam,Nescafe,2024-07-11 03:53:13,2024-07-11 03:53:13,TUYEN HUYNH,,TUYEN HUYNH,2024-11-29 06:32:37,173
56,1470002575938816535,1470002575938816456,bZcEsBFhDW5,GL- CS-IT- IaG- 1007,tiêu,0.2,Vietnam,Nescafe,2024-07-11 03:06:51,2024-07-11 03:06:51,TUYEN HUYNH,,TUYEN HUYNH,2024-11-29 06:32:53,250
57,1470002575950148294,1470002575936722841,vJv894qsLJi,GL-TL - BG -CPR-3779,tiêu,0.09,Vietnam,Nescafe,2024-07-20 15:44:36,2024-07-20 15:44:36,TUYEN HUYNH,,TUYEN HUYNH,2024-11-29 06:21:20,90
58,1470002575940052783,1470002575940052704,Sos5W2nmnhO,10004-75-6-GL-HB-BC-CPR-0542,tiêu,5.8,Vietnam,Nescafe,2024-07-12 02:08:37,2024-07-18 15:20:33,MAI NGUYEN,,MAI NGUYEN,2024-11-29 06:13:30,205
59,1470002575937539938,1470002575937539867,OX9ikVr3hFa,10004-75-6-GL-TH-BC-CPR-0452,tiêu,0.044,Vietnam,Nescafe,2024-07-10 02:50:58,2024-11-11 05:59:16,TUYEN HUYNH,1.0,TUYEN HUYNH,2024-11-29 06:17:19,94
60,1470002575936694585,1470002575936694514,YRLWeDOWPZE,GL-TB-TG-CPR-2850,tiêu,4.53,Vietnam,Nescafe,2024-07-09 10:16:46,2024-07-16 16:56:47,MAI NGUYEN,,MAI NGUYEN,2024-11-29 06:22:09,320
61,1470002575947387889,1470002575940107161,OzGXay6ywHW,GL-HB-BC-CPR-1372,tiêu,9.3,Vietnam,Nescafe,2024-07-18 23:44:59,2024-07-22 07:57:18,MAI NGUYEN,,MAI NGUYEN,2024-11-29 06:33:41,241
62,1470002575948806998,1470002575948806552,u0KVm2azoBM,10004-75-6-GL-T3-TH-CPR-0776,tiêu,5.8,Vietnam,Nescafe,2024-07-19 14:23:08,2024-07-23 06:34:43,TUYEN HUYNH,,TUYEN HUYNH,2024-11-29 06:16:34,296
63,1470002575947757210,1470002575940160523,eyWuw06SYBW,10004-75-6-GL-T4-TH-CPR-1023,tiêu,6.98,Vietnam,Nescafe,2024-07-19 04:46:12,2024-07-19 04:46:12,MAI NGUYEN,,MAI NGUYEN,2024-11-29 06:33:19,255
64,1470002575950071943,1470002575936658390,Adqt1HVMsjP,GL-TB-TG-CPR-2803,tiêu,18.5,Vietnam,Nescafe,2024-07-20 14:58:27,2024-07-20 14:58:27,TUYEN HUYNH,,TUYEN HUYNH,2024-11-29 06:11:31,75
65,1470002575944658269,1470002575944658198,Qi5LxAXIfHf,10004-75-6-GL-IAM-BC-CPR-0919,tiêu,2.8,Vietnam,Nescafe,2024-07-17 02:52:33,2024-07-21 11:08:57,TUYEN HUYNH,,TUYEN HUYNH,2024-11-29 06:33:49,180
66,1470002575942771884,1470002575942771805,BFm6om48KAK,L-10004-75-3-1214DN-DL-NC-1945,"tiêu, sầu riêng",47.0,Vietnam,Nescafe,2024-07-15 21:57:51,2024-07-15 21:57:51,HAI LE,,HAI LE,2024-11-29 06:31:27,253
67,1470002575941752354,1470002575941752275,gkbx2PuN90X,L-10004-75-3-1223-2594,"bơ, sầu riêng, mít,vú sữa",7.0,Vietnam,Nescafe,2024-07-14 21:45:20,2024-07-14 21:45:20,HAI LE,,HAI LE,2024-11-29 06:17:27,184
68,1470002575944280901,1470002575944280822,Q5KQ2bZSQSU,L-10004-75-03-1214.DN-DL-DW-0056,"điều, tiêu",21.0,Vietnam,Nescafe,2024-07-17 00:07:52,2024-07-17 08:14:08,HAI LE,,HAI LE,2024-11-29 06:32:45,176
69,1470002575947936545,1470002575946577304,vXfzyNgEYnR,L-10004-75-3-1220-2101,bơ,11.76,Vietnam,Nescafe,2024-07-19 06:45:53,2024-07-19 06:45:53,QUYNH TRAN,,QUYNH TRAN,2024-11-29 06:27:54,27
70,1470002575948131358,1470002575945013661,gAg3gRtBNGU,L-10004-75-3-1220-2379,tiêu + sầu,39.4,Vietnam,Nescafe,2024-07-19 07:45:05,2024-07-19 07:45:05,QUYNH TRAN,,QUYNH TRAN,2024-11-29 06:15:57,124
71,1470002575945131451,1470002575943137508,AOXd0yGIcaK,L-10004-75-3-1223-2667,tiêu,14.14,Vietnam,Nescafe,2024-07-17 11:51:52,2024-07-17 11:51:52,QUYNH TRAN,,QUYNH TRAN,2024-11-29 06:10:45,141
72,1470002575946152187,1470002575943410447,WMSens4EDG9,L-10004-75-3-1220-1893,điều,17.0,Vietnam,Nescafe,2024-07-18 03:17:07,2024-07-18 03:21:52,YEN NGUYEN,0.0,YEN NGUYEN,2024-11-29 06:27:21,131
73,1470002575948281040,1470002575943017125,y6wmRVoOazt,L-10004-75-3-1214DN-DL-NC-2079,sầu + Tiêu + điều,15.9,Vietnam,Nescafe,2024-07-19 08:46:05,2024-07-19 08:46:05,QUYNH TRAN,0.1,QUYNH TRAN,2024-11-29 06:15:17,240
74,1470002575941402750,1470002575941402671,xeJqVcIFY4w,L-10004-75-3-1220-2504,điều,0.2,Vietnam,Nescafe,2024-07-13 22:09:22,2024-07-13 22:09:46,HAI LE,,HAI LE,2024-11-29 06:17:51,182
75,1470002575948396515,1470002575941831498,yBR5xqtfRXB,L-10004-75-03-1214.DN-DL-NC-0665,điều,33.33,Vietnam,Nescafe,2024-07-19 09:17:51,2024-07-19 09:17:51,QUYNH TRAN,0.1,QUYNH TRAN,2024-11-29 06:16:05,239
76,1470002575945094235,1470002575943251986,ImGwxA730z4,L-10004-75-03-1214.DN-DL-NC-0686,tiêu,28.72,Vietnam,Nescafe,2024-07-17 11:21:16,2024-07-17 11:21:16,QUYNH TRAN,,QUYNH TRAN,2024-11-29 06:15:45,33
77,1470002575943609010,1470002575941509143,V1m07l1SUbp,L-10004-75-3-1220-2236,tiêu,44.0,Vietnam,Nescafe,2024-07-16 13:55:45,2024-07-16 13:55:45,QUYNH TRAN,,QUYNH TRAN,2024-11-29 06:16:38,333
78,1469997855005922426,1469997855005922347,H2iZJyu4iDZ,DL-BMT-TN-0657,"điều, sầu riêng",0.07,Vietnam,Nescafe,2024-06-28 16:39:48,2024-06-28 16:39:48,TUYEN HUYNH,,TUYEN HUYNH,2024-11-29 06:14:31,150
79,1469997855004081893,1469997855004081743,YlVdT8D4VyO,DL-BMT-CE-2978,tiêu,4.0,Vietnam,Nescafe,2024-06-27 05:26:30,2024-06-27 05:26:30,PHUONG NGUYEN,,PHUONG NGUYEN,2024-11-29 06:29:14,230
80,1469997855004081814,1469997855004081743,w6YBC3ZJXpU,DL-BMT-CE-2978,tiêu,,Vietnam,Nescafe,2024-06-27 05:26:29,2024-06-27 05:26:29,PHUONG NGUYEN,,PHUONG NGUYEN,2024-11-29 06:29:14,230
81,1470002575927113668,1470002575927113589,NUXtmVIv05o,DL-BMT-EK-0517,tiêu,45.0,Vietnam,Nescafe,2024-06-30 12:02:54,2024-10-17 07:36:31,HAI LE,1.0,HAI LE,2024-11-29 06:13:42,270
82,1469997855004914736,1469997855004914657,EKzBQOYOIoG,DL-BMT-EK-0029,"cây tiêu, dỗi, sầu",36.4,Vietnam,Nescafe,2024-06-27 23:29:18,2024-06-28 00:30:11,HAI LE,,HAI LE,2024-11-29 06:19:36,107
83,1470002575927895756,1470002575927895677,clB8K5CghVW,DL-BMT-CE-5583,tiêu,87.0,Vietnam,Nescafe,2024-07-01 11:55:15,2024-10-17 08:09:01,HAI LE,2.0,HAI LE,2024-11-29 06:14:19,193
84,1469997855006401140,1469997855006401061,waRXW9vIEJH,DL-BMT-CE-3130,tiêu,25.0,Vietnam,Nescafe,2024-06-28 23:36:08,2024-06-28 23:36:08,HAI LE,,HAI LE,2024-11-29 06:33:31,32
85,1470002575931125936,1470002575931125857,EpKanP6SSz0,DL-BMT-CE-2683,"mãng cầu na , tiêu",0.029,Vietnam,Nescafe,2024-07-04 09:55:43,2024-07-04 09:55:43,YEN NGUYEN,,YEN NGUYEN,2024-11-29 06:12:53,31
86,1469997855006405158,1469997855006404975,jT3o3myGwvr,DL-BMT-CE-2908,tiêu,46.8,Vietnam,Nescafe,2024-06-28 23:56:43,2024-06-28 23:56:43,HUY NGUYEN,,HUY NGUYEN,2024-11-29 06:13:59,191
87,1470002575927425455,1470002575927376372,BGmwELchlfW,DL-BMT-EK-0259,tiêu và điều,8.7,Vietnam,Nescafe,2024-06-30 22:48:51,2024-06-30 22:48:51,HAI LE,,HAI LE,2024-11-29 06:29:52,162
88,1470002575928545715,1470002575928545635,C5mf8CaGAjf,DL-BMT-CE-5513,tiêu.mãn cầu .mắc ka .sầu riêng,32.8,Vietnam,Nescafe,2024-07-02 07:38:08,2024-07-02 07:38:08,TIEN PHAM,,TIEN PHAM,2024-11-29 06:29:47,267
89,1469997855006336574,1469997855006336495,uYbWPnNwPcn,DL-BMT-CE-2429,tiêu,27.5,Vietnam,Nescafe,2024-06-28 22:19:11,2024-06-28 22:19:11,HAI LE,,HAI LE,2024-11-29 06:34:35,54
90,1470002575927788886,1470002575927811270,Qi2fgoYTmsL,DL-BMT-EK-0416,"tiêu, cau, sầu",10.0,Vietnam,Nescafe,2024-07-01 09:35:51,2024-07-01 09:35:51,HAI LE,,HAI LE,2024-11-29 06:29:38,319
91,1470002575927938070,1470002575927937991,leM1z2SrcuH,10004-75-12-32,"tiêu,điều",16.63,Vietnam,Nescafe,2024-07-01 13:01:11,2024-07-01 13:01:13,YEN NGUYEN,,YEN NGUYEN,2024-11-29 06:14:03,282
92,1469689325843979772,1469689325843980528,guAEZHGgGg5,DL-BMT-TN-0782,durian,81.0,Vietnam,Nescafe,2024-02-12 04:53:24,2024-02-12 04:53:24,PROD NESCAFE,,PROD NESCAFE,2024-02-12 04:53:24,1
93,1469689325843979614,1469689325843980528,cIbp8RxeMi9,DL-BMT-TN-0782,pepper,98.0,Vietnam,Nescafe,2024-02-12 04:53:14,2024-02-12 04:53:14,PROD NESCAFE,,PROD NESCAFE,2024-02-12 04:53:14,1
94,1469689325843979535,1469689325843980528,UVt4oGF7WHh,DL-BMT-TN-0782,pepper,100.0,Vietnam,Nescafe,2024-02-12 04:53:09,2024-02-12 04:53:09,PROD NESCAFE,,PROD NESCAFE,2024-02-12 04:53:09,1
95,1469689325843979456,1469689325843980528,iPiCP2igqPX,DL-BMT-TN-0782,pepper,100.0,Vietnam,Nescafe,2024-02-12 04:53:04,2024-02-12 04:53:04,PROD NESCAFE,,PROD NESCAFE,2024-02-12 04:53:04,1
96,1470002575930742720,1470002575930742502,gEYjcZSurIO,DL-BMT-TN-0645,"sầu riêng, tiêu, bơ và điều",37.8,Vietnam,Nescafe,2024-07-03 23:03:23,2024-07-03 23:03:23,HAI LE,,HAI LE,2024-11-29 06:14:07,17
97,1469997855005493023,1469997855005492944,iia7Iou5z8V,DL-BMT-CE-2640,tiêu,16.9,Vietnam,Nescafe,2024-06-28 11:52:09,2024-06-28 11:52:09,HAI LE,,HAI LE,2024-11-29 06:33:10,153
98,1470002575927650449,1470002575927650370,nx8OD0r8jqS,DL-BMT-TN-0596,"tiêu, điều",0.26,Vietnam,Nescafe,2024-07-01 05:52:53,2024-07-01 05:52:53,YEN NGUYEN,,YEN NGUYEN,2024-11-29 08:13:40,113
99,1470002575928156318,1470002575928156239,ZCcwTEMcGjt,DL-BMT-CE-5616,"tiêu, sầu riêng",51.0,Vietnam,Nescafe,2024-07-01 18:01:57,2024-07-01 18:01:57,HAI LE,,HAI LE,2024-11-29 06:14:23,21
100,1469997855006588128,1469997855006588049,WqkLvPP1hfB,DL-BMT-EK-0448,"tiêu, điều",0.51,Vietnam,Nescafe,2024-06-29 04:22:12,2024-06-29 04:22:12,YEN NGUYEN,,YEN NGUYEN,2024-11-29 06:14:15,49
101,1470002575938106358,1470002575938106279,BiiloWpgV8M,L-10004-75-11-1217-4337,"tiêu, macca",15.0,Vietnam,Nescafe,2024-07-10 14:22:46,2024-07-10 14:22:46,HUY NGUYEN,,HUY NGUYEN,2024-11-29 06:34:26,288
102,1470002575938064941,1470002575938064861,dlH6dKIOAZd,L-10004-75-11-1217-1843,bơ,9.0,Vietnam,Nescafe,2024-07-10 13:36:00,2024-07-10 13:36:00,HUY NGUYEN,,HUY NGUYEN,2024-11-29 06:32:41,301
103,1470002575932575506,1470002575932188929,LMzjl2OBnlx,L-10004-75-11-1217-4469,bơ,0.75,Vietnam,Nescafe,2024-07-05 16:00:08,2024-07-05 16:00:08,HUY NGUYEN,,HUY NGUYEN,2024-11-29 06:27:38,59
104,1470002575938175528,1470002575938175449,fuqcIcIUpkc,L-10004-75-11-1217-1613,tiêu,5.0,Vietnam,Nescafe,2024-07-10 15:23:07,2024-07-10 15:23:07,HUY NGUYEN,,HUY NGUYEN,2024-11-29 06:34:16,233
105,1470002575939920765,1470002575939920686,mXC6jo2V5wg,L-10004-75-10-0617-1549,"sầu, tiêu, bơ",0.7,Vietnam,Nescafe,2024-07-12 00:25:47,2024-07-12 00:26:01,HAI LE,,HAI LE,2024-11-29 06:20:39,218
106,1470157558594623712,1470157558593443444,vPKRPm1BRIh,CA1023113,tiêu,9.27,Vietnam,Nescafe,2024-11-22 01:24:52,2024-12-04 05:08:39,HAI LE,0.2,HAI LE,2025-01-09 08:37:50,140
107,1470157558593243111,1470157558590494760,YIpzuoezxME,CA0522021,chuối,9.09,Vietnam,Nescafe,2024-11-21 01:32:13,2024-12-04 08:50:52,HAI LE,0.1,HAI LE,2025-01-09 08:38:54,199
108,1470157558590836116,1470157558590836037,SA8igxQVy3V,CA0524096,cây sầu,46.8,Vietnam,Nescafe,2024-11-19 14:12:11,2024-11-21 02:48:22,HAI LE,,HAI LE,2025-01-09 08:38:15,163
109,1470002575935344132,1470002575933502742,q1I1kCQMxDt,L-10004-75-10-0617-3569,tiêu,0.8,Vietnam,Nescafe,2024-07-08 15:18:29,2024-07-08 15:18:29,HAI LE,0.0,HAI LE,2024-11-29 06:25:48,37
110,1469918505932965431,1469918505932965248,Kk3VVX2f35q,L-10004-75-10-0617-3342,sầu riêng,40.0,Vietnam,Nescafe,2024-05-21 15:01:22,2024-05-21 15:01:22,THO NONG,,THO NONG,2024-05-21 15:01:22,3
111,1469918505932965352,1469918505932965248,ZkPWuj9ufAd,L-10004-75-10-0617-3342,Bơ,33.0,Vietnam,Nescafe,2024-05-21 15:01:21,2024-05-21 15:01:21,THO NONG,,THO NONG,2024-05-21 15:01:21,3
112,1470002575940109852,1470002575940109773,vyLY32dnnJB,L-10004-75-10-0617-772,bơ,2.65,Vietnam,Nescafe,2024-07-12 03:21:40,2024-07-12 03:21:40,YEN NGUYEN,,YEN NGUYEN,2024-11-29 06:16:50,329
113,1470157558590512437,1470157558590504890,eYT1wzXNnSi,DL0322021,tiêu,4.68,Vietnam,Nescafe,2024-11-19 07:58:45,2024-12-05 08:18:13,TIEN PHAM,0.2,TIEN PHAM,2025-01-09 08:37:45,208
114,1470157558593498427,1470157558593498348,UCM7mgOdX5X,CA0423133,bơ,0.43,Vietnam,Nescafe,2024-11-21 05:41:11,2024-12-04 09:39:00,HAI LE,0.3,HAI LE,2025-01-09 08:39:58,305
115,1470157558591134074,1470157558590384428,IW43xvjICDC,CA0222008,tiêu,46.07,Vietnam,Nescafe,2024-11-19 17:48:25,2024-12-04 04:15:35,HUY NGUYEN,0.2,HUY NGUYEN,2025-01-09 08:39:37,170
116,1470157558589472860,1470157558588969665,k5v7w9oR13X,DL0222084,tiêu,3.59,Vietnam,Nescafe,2024-11-18 14:05:40,2024-12-04 09:41:15,QUYNH TRAN,1.0,QUYNH TRAN,2025-01-09 08:38:50,281
117,1470157558595709550,1470157558594436608,JNYgJyhKVkH,CA0422052,mắc ca,1.0,Vietnam,Nescafe,2024-11-22 17:01:13,2024-12-04 04:25:14,TIEN PHAM,0.1,TIEN PHAM,2025-01-09 08:38:07,127
118,1470157558593108295,1470157558593108135,YfCLmgLs7Kn,DL0722119,bơ,0.09,Vietnam,Nescafe,2024-11-20 23:08:49,2024-12-04 08:26:58,YEN NGUYEN,0.0,YEN NGUYEN,2025-01-09 08:39:28,292
119,1470157558593108214,1470157558593108135,kgHBEZrVs1H,DL0722119,mắc ca,0.1,Vietnam,Nescafe,2024-11-20 23:08:48,2024-12-04 08:29:05,YEN NGUYEN,0.0,YEN NGUYEN,2025-01-09 08:39:28,292
120,1470157558590301728,1470157558589159223,d46lo7GHE0J,DL0322009,bơ,0.52,Vietnam,Nescafe,2024-11-18 23:48:41,2024-12-04 04:41:05,QUYNH TRAN,1.0,QUYNH TRAN,2025-01-09 08:38:11,157
121,1470157558590301647,1470157558589159223,ZfnkqweJkfS,DL0322009,mắc ca,0.09,Vietnam,Nescafe,2024-11-18 23:48:40,2024-12-04 04:32:28,QUYNH TRAN,1.0,QUYNH TRAN,2025-01-09 08:38:11,157
122,1470002575935449508,1470002575935449429,AC6yJh84H72,L-10004-75-10-0617-775,"sầu riêng,tiêu",0.11,Vietnam,Nescafe,2024-07-08 17:10:19,2024-07-08 17:10:19,YEN NGUYEN,,YEN NGUYEN,2024-11-29 06:21:49,41
123,1470157558591008852,1470157558590388463,X7K0JxiDcPB,DL0522036,tiêu,2.31,Vietnam,Nescafe,2024-11-19 16:32:21,2024-12-04 07:58:10,YEN NGUYEN,0.5,YEN NGUYEN,2025-01-09 08:39:54,12
124,1470157558591008769,1470157558590388463,Pp9k8tU4lJ1,DL0522036,mắc ca,4.11,Vietnam,Nescafe,2024-11-19 16:32:20,2024-12-04 07:58:05,YEN NGUYEN,0.5,YEN NGUYEN,2025-01-09 08:39:54,12
125,1470157558594337790,1470157558592047230,xYBZdkszjvb,CA0122015,sầu riêng,2.06,Vietnam,Nescafe,2024-11-21 21:39:44,2024-12-04 04:45:16,QUYNH TRAN,0.2,QUYNH TRAN,2025-01-09 08:38:58,102
126,1470157558594337707,1470157558592047230,Ne0VjZ5z9NX,CA0122015,bơ,0.07,Vietnam,Nescafe,2024-11-21 21:39:44,2024-12-04 04:45:15,QUYNH TRAN,0.2,QUYNH TRAN,2025-01-09 08:38:58,102
127,1470002575942286952,1470002575940073665,xzZ2u4CDDVl,L-10004-75-10-0617-1044,sầu riêng + Tiêu,3.51,Vietnam,Nescafe,2024-07-15 14:17:44,2024-07-15 14:17:44,QUYNH TRAN,,QUYNH TRAN,2024-11-29 06:15:41,44
128,1470157558594395621,1470157558591900835,BYm9ZKcczVH,CA0124119,bơ,1.42,Vietnam,Nescafe,2024-11-21 22:08:06,2024-12-04 08:36:26,QUYNH TRAN,0.2,QUYNH TRAN,2025-01-09 08:40:30,323
129,1470157558589538268,1470157558589537014,nbVlgqdKqer,DL0324101,cây trồng có rễ( cà ri),0.7,Vietnam,Nescafe,2024-11-18 14:55:40,2024-11-18 14:55:40,HAI LE,,HAI LE,2025-01-09 08:40:38,123
130,1470157558589538167,1470157558589537014,LbOiLxK0MUw,DL0324101,tiêu,8.55,Vietnam,Nescafe,2024-11-18 14:55:35,2024-12-04 04:09:33,HAI LE,1.0,HAI LE,2025-01-09 08:40:38,123
131,1470157558594429724,1470157558591961240,z6zBJUMrxjs,CA0122035,sầu riêng,16.7,Vietnam,Nescafe,2024-11-21 22:30:18,2024-11-21 22:30:18,QUYNH TRAN,,QUYNH TRAN,2025-01-09 08:38:33,221
132,1470157558594429643,1470157558591961240,UFZap4IeFxH,CA0122035,bơ,9.1,Vietnam,Nescafe,2024-11-21 22:30:18,2024-11-21 22:30:18,QUYNH TRAN,,QUYNH TRAN,2025-01-09 08:38:33,221
133,1470157558594580140,1470157558591893090,CdUksRyy2Yi,CA0124117,mắc ca,0.47,Vietnam,Nescafe,2024-11-22 00:43:49,2024-12-04 08:29:02,HUY NGUYEN,0.1,HUY NGUYEN,2025-01-09 08:38:37,294
134,1470157558594580041,1470157558591893090,Zji4jYiy4Fy,CA0124117,bơ,3.0,Vietnam,Nescafe,2024-11-22 00:43:44,2024-12-04 08:35:22,HUY NGUYEN,0.1,HUY NGUYEN,2025-01-09 08:38:37,294
135,1470157558594579927,1470157558591893090,BalqbXTxpH6,CA0124117,sầu riêng,3.18,Vietnam,Nescafe,2024-11-22 00:43:39,2024-12-04 08:35:22,HUY NGUYEN,0.1,HUY NGUYEN,2025-01-09 08:38:37,294
136,1470002575934713785,1470002575933856735,px6IL7p00Hf,L-10004-75-10-0617-3045,sầu riêng,0.77,Vietnam,Nescafe,2024-07-08 05:31:40,2024-07-08 05:31:40,QUYNH TRAN,,QUYNH TRAN,2024-11-29 06:26:27,331
137,1470157558593183414,1470157558590499343,vrvhXs0RKw6,DL0722003,bơ,0.18,Vietnam,Nescafe,2024-11-21 00:35:42,2024-12-04 05:13:21,YEN NGUYEN,0.1,YEN NGUYEN,2025-01-09 08:39:33,13
138,1470157558591756468,1470157558591742851,gg4EtmJwTLy,CA0522046,mắc ca,0.0,Vietnam,Nescafe,2024-11-19 23:02:00,2024-11-19 23:02:00,TIEN PHAM,,TIEN PHAM,2025-01-09 08:39:24,116
139,1470157558589599270,1470157558589147658,EsumELoykXh,DL0122105,tiêu,13.02,Vietnam,Nescafe,2024-11-18 15:46:38,2024-12-04 04:01:38,YEN NGUYEN,9.0,YEN NGUYEN,2025-01-09 08:38:28,172
140,1470002575933821989,1470002575933821910,g23cyWKQs26,L-10004-75-10-0617-3775,tiêu,4.98,Vietnam,Nescafe,2024-07-07 02:35:35,2024-07-07 02:35:35,QUYNH TRAN,,QUYNH TRAN,2024-11-29 06:27:46,165
141,1470157558588338032,1470157558588337953,e2TlxROvKRD,CA0322011,Bơ,12.0,Vietnam,Nescafe,2024-11-16 13:31:21,2024-11-16 13:31:21,MINH ANH LE,,MINH ANH LE,2024-11-16 13:31:21,14
142,1470002575941189868,1470002575941189789,WeGmRReVz6B,GL-T1-IAH-IAG-5006,tiêu,1.8,Vietnam,Nescafe,2024-07-13 14:34:10,2024-07-13 14:34:10,TOAN LE,,TOAN LE,2024-11-29 06:13:46,307
143,1470002575948427443,1470002575941523615,ZKBmvZfTEzZ,GL2-VM-IABah-IAG-1738,chanh dây,4.0,Vietnam,Nescafe,2024-07-19 09:32:58,2024-07-19 09:32:58,TOAN LE,,TOAN LE,2024-11-29 06:16:01,148
144,1470002575954387910,1470002575948054376,wSKkUSzVErs,10004-75-07-GL-T1-IAH-IAG-1854,sầu riêng,4.0,Vietnam,Nescafe,2024-07-24 06:18:52,2024-07-24 06:18:52,TOAN LE,,TOAN LE,2024-11-29 06:17:43,55
145,1470002575947981307,1470002575940273300,eQw59xh4Be5,GL-IAKH-IAG-3775,"tiêu, sầu riêng",28.8,Vietnam,Nescafe,2024-07-19 07:03:38,2024-07-19 07:03:38,MAI NGUYEN,,MAI NGUYEN,2024-11-29 06:32:08,56
146,1470002575941572183,1470002575941572104,uE3sWlDbD0x,GL-CH-IABA-IAG-137,bơ,65.25,Vietnam,Nescafe,2024-07-14 06:32:53,2024-07-19 11:48:18,TOAN LE,,TOAN LE,2024-11-29 06:34:02,197
147,1470002575949856784,1470002575940973897,B8Ad5o3NCMK,10004-75-07-GL-VY-IAY-IAG-0805,"tiêu, sầu riêng, bơ",15.2,Vietnam,Nescafe,2024-07-20 07:13:57,2024-07-20 07:13:57,MAI NGUYEN,,MAI NGUYEN,2024-11-29 06:13:54,132
148,1470002575953076408,1470002575949650365,w9RARMdPtk2,10004-75-07-GL-T4-IAH-IAG-0515,"tiêu, chanh dây",9.3,Vietnam,Nescafe,2024-07-23 12:08:19,2024-07-23 12:08:19,TOAN LE,,TOAN LE,2024-11-29 06:25:44,85
149,1470002575953229476,1470002575943062467,owkX4s8prVr,GL-YT- PLK-3317,tiêu,0.4,Vietnam,Nescafe,2024-07-23 13:27:04,2024-07-23 13:27:04,TOAN LE,,TOAN LE,2024-11-29 06:25:58,155
150,1470002575954564097,1470002575943304078,KElRowaV8oc,GL-T6- IATO-IAG-3693,bơ,3.0,Vietnam,Nescafe,2024-07-24 10:07:11,2024-07-24 10:07:20,TOAN LE,,TOAN LE,2024-11-29 06:11:43,278
151,1470002575941038879,1470002575941038800,gXgJOOZfrhY,GL-T1-IAH-IAG-5027,tiêu,16.4,Vietnam,Nescafe,2024-07-13 07:00:08,2024-07-13 13:39:09,TOAN LE,,TOAN LE,2024-11-29 06:28:07,326
152,1470002575943825945,1470002575943825632,oKFYzPKzLpG,10004-75-07-GL-TH1-IAH-IAG-0498,tiêu,4.0,Vietnam,Nescafe,2024-07-16 16:16:40,2024-07-19 15:59:07,TOAN LE,,TOAN LE,2024-11-29 06:27:30,276
153,1470002575940906637,1470002575940906558,xwvJEnbNsBu,GL-LT-IAY-IAG- 3076,sầu riêng,15.0,Vietnam,Nescafe,2024-07-13 02:16:17,2024-07-23 13:23:10,TUYEN HUYNH,,TUYEN HUYNH,2024-11-29 06:34:40,177
154,1470002575949986696,1470002575937762822,QMNbmQLCDnJ,GL2-IAD-IAG-1746,tiêu,3.8,Vietnam,Nescafe,2024-07-20 11:07:20,2024-07-20 11:07:20,TUYEN HUYNH,,TUYEN HUYNH,2024-11-29 06:16:21,72
155,1470002575946479417,1470002575946478571,TaVa6lNnUvZ,GL-GT-CS-4706,"Bơ, sầu riêng",0.035,Vietnam,Nescafe,2024-07-18 06:16:43,2024-07-22 09:06:29,MAI NGUYEN,,MAI NGUYEN,2024-11-29 06:28:16,61
156,1470002575939011179,1470002575939011100,Bn1HX9XWwm0,GL-GT-CS-4691,sầu riêng,0.029,Vietnam,Nescafe,2024-07-11 06:09:03,2024-07-11 06:09:03,TUYEN HUYNH,,TUYEN HUYNH,2024-11-29 06:34:55,213
157,1470002575946566461,1470002575946596752,MDTTPBCi6Ox,GL-GT-CS-4692,"sầu riêng, bơ",10.28,Vietnam,Nescafe,2024-07-18 07:45:47,2024-07-18 08:23:20,MAI NGUYEN,,MAI NGUYEN,2024-11-29 06:17:15,46
158,1470002575938938828,1470002575938938749,DODHJioi9SZ,GL- CS-IT- IaG- 1080,bơ,0.019,Vietnam,Nescafe,2024-07-11 03:53:08,2024-07-11 03:53:08,TUYEN HUYNH,,TUYEN HUYNH,2024-11-29 06:32:37,173
159,1470002575946789768,1470002575939232238,FAenh7TvOr6,GL-GLA - DD- 4433,tiêu,8.4,Vietnam,Nescafe,2024-07-18 11:02:50,2024-07-18 11:03:14,MAI NGUYEN,,MAI NGUYEN,2024-11-29 06:17:59,309
160,1470002575950565803,1470002575940186633,BhyO7cbDRo9,GL-T5-TH-CPR-1553,tiêu,14.3,Vietnam,Nescafe,2024-07-21 09:40:24,2024-07-21 09:40:24,TUYEN HUYNH,,TUYEN HUYNH,2024-11-29 06:48:29,181
161,1470002575940109057,1470002575940108894,e71BWI719rq,GL-TT-CPR-4646,sầu riêng,64.0,Vietnam,Nescafe,2024-07-12 03:20:56,2024-07-22 11:41:54,TUYEN HUYNH,,TUYEN HUYNH,2024-11-29 06:27:17,34
162,1470002575940108973,1470002575940108894,vVaKzQxGibx,GL-TT-CPR-4646,tiêu,0.71,Vietnam,Nescafe,2024-07-12 03:20:55,2024-07-22 11:41:49,TUYEN HUYNH,,TUYEN HUYNH,2024-11-29 06:27:17,34
163,1470002575937018517,1470002575937018437,gZqQnx3PhLs,GL-TB-TG-CPR-2831,tiêu,8.33,Vietnam,Nescafe,2024-07-09 16:58:55,2024-07-22 07:43:20,MAI NGUYEN,,MAI NGUYEN,2024-11-29 06:32:24,245
164,1470002575944817700,1470002575944817621,lX9l5LNDSuk,10004-75-6-GL-TH-BC-CPR-0471,"tiêu, chôm chôm",3.83,Vietnam,Nescafe,2024-07-17 05:12:26,2024-07-17 05:15:51,MAI NGUYEN,,MAI NGUYEN,2024-11-29 06:35:17,321
165,1470002575950072662,1470002575936658390,nXizQw2b0bH,GL-TB-TG-CPR-2803,điều,1.3,Vietnam,Nescafe,2024-07-20 14:58:29,2024-07-20 14:58:29,TUYEN HUYNH,,TUYEN HUYNH,2024-11-29 06:11:31,75
166,1470002575950105022,1470002575936627587,hTdKcTkhuU2,GL-TB-TG-CPR-2835,tiêu,7.6,Vietnam,Nescafe,2024-07-20 15:29:12,2024-07-20 15:29:12,TUYEN HUYNH,,TUYEN HUYNH,2024-11-29 06:26:07,125
167,1470002575945949764,1470002575944300646,Ul2ZSmXuwzV,L-10004-75-3-1214DN-DL-NC-1569,điều,8.09,Vietnam,Nescafe,2024-07-18 02:04:41,2024-07-18 02:11:29,YEN NGUYEN,0.1,YEN NGUYEN,2024-11-29 06:11:27,332
168,1470002575948644315,1470002575948644236,MEoV2vaaZCC,L-10004-75-3-1220-2024,"bơ , tiêu, sầu riêng",0.68,Vietnam,Nescafe,2024-07-19 13:42:46,2024-07-19 13:42:46,YEN NGUYEN,,YEN NGUYEN,2024-11-29 06:21:41,327
169,1470002575949485414,1470002575941514544,i62J4bZ4eLT,L-10004-75-3-1220-2267,"tiêu, bơ điều",0.17,Vietnam,Nescafe,2024-07-20 00:27:13,2024-07-20 00:27:13,YEN NGUYEN,0.0,YEN NGUYEN,2024-11-29 06:27:00,93
170,1470002575948919283,1470002575948919203,kfcBlnKNtTQ,L-10004-75-3-1220-2332,"sầu riêng, măng cụt",0.62,Vietnam,Nescafe,2024-07-19 14:57:50,2024-07-19 14:57:50,YEN NGUYEN,,YEN NGUYEN,2024-11-29 06:13:26,84
171,1470002575945117695,1470002575945117616,CRuXrJNHm3A,L-10004-75-3-1220-2287,"sầu riêng, tiêu",13.5,Vietnam,Nescafe,2024-07-17 11:39:09,2024-07-17 11:39:09,HAI LE,,HAI LE,2024-11-29 06:13:09,249
172,1470002575949604467,1470002575941835571,OLhJx3F9kBX,L-10004-75-03-1214.DN-GN-RM-0414,"sầu, tiêu. điều",0.49,Vietnam,Nescafe,2024-07-20 02:38:38,2024-07-20 02:38:38,YEN NGUYEN,0.0,YEN NGUYEN,2024-11-29 06:27:34,216
173,1470002575946658682,1470002575946658601,KIuP7P4INOh,L-10004-75-3-1220-2543,điều,9.5,Vietnam,Nescafe,2024-07-18 08:51:21,2024-07-18 08:53:09,HAI LE,,HAI LE,2024-11-29 06:12:04,314
174,1470002575943646162,1470002575941493124,pFRiETULQrB,L-10004-75-3-1220-2230,Sầu,48.78,Vietnam,Nescafe,2024-07-16 14:20:45,2024-10-21 09:48:23,QUYNH TRAN,1.0,QUYNH TRAN,2024-11-29 06:17:11,257
175,1470002575941540851,1470002575941540772,jQFdLuH8e0X,L-10004-75-3-1220-2439,tiêu,15.0,Vietnam,Nescafe,2024-07-14 05:06:25,2024-07-14 05:06:25,HAI LE,,HAI LE,2024-11-29 06:17:07,260
176,1470002575947898581,1470002575947400634,qj0bbrU46Ja,L-10004-75-3-1223-2622,sầu riêng,0.23,Vietnam,Nescafe,2024-07-19 06:16:43,2024-07-19 06:16:43,YEN NGUYEN,,YEN NGUYEN,2024-11-29 06:22:13,300
177,1470002575942815195,1470002575942815116,f06B7TqD9hn,L-10004-75-3-1220-1936,"tiêu, sầu riêng",53.0,Vietnam,Nescafe,2024-07-15 22:32:58,2024-07-15 22:32:58,HAI LE,,HAI LE,2024-11-29 06:27:09,137
178,1469918505927833912,1469918505927833758,pef5OHd4dvI,DL-CK-ET-168,bơ,5.0,Vietnam,Nescafe,2024-05-15 04:17:25,2024-05-15 04:17:25,HIEU TRAN,,HIEU TRAN,2024-05-15 04:17:25,20
179,1470002575928818016,1470002575928817937,cKGzGP1cnmY,DL-CK-EK-1783,tiêu,76.2,Vietnam,Nescafe,2024-07-02 13:49:04,2024-07-02 13:49:04,HUY NGUYEN,,HUY NGUYEN,2024-11-29 06:31:55,265
180,1470002575930362909,1470002575930362830,MXAVH3NI4qD,DL-CK-ET-880,tiêu,0.39,Vietnam,Nescafe,2024-07-03 17:04:07,2024-07-03 17:04:07,YEN NGUYEN,,YEN NGUYEN,2024-11-29 06:15:08,104
181,1470002575926505217,1470002575926505138,LvOYMOD5YV2,DL-CK-ET-014,tiêu,40.0,Vietnam,Nescafe,2024-06-29 12:54:49,2024-06-29 12:54:49,HAI LE,,HAI LE,2024-11-29 06:19:12,9
182,1469918505927956257,1469918505927956180,IChBGcbejNi,DL-CK-ET-206,tieu,46.0,Vietnam,Nescafe,2024-05-15 09:14:15,2024-05-15 09:14:15,TRINH TRIEU,,TRINH TRIEU,2024-05-15 09:14:15,2
183,1469918505927954521,1469918505927954357,iQ5prlEwkJj,DL-CK-ET-206,tiêu,46.0,Vietnam,Nescafe,2024-05-15 09:12:27,2024-05-15 09:32:53,MAI NGUYEN,,MAI NGUYEN,2024-05-15 09:32:53,2
184,1470002575931061588,1469997855002494547,EdDfcNHLdeH,DL-CK-EK-1608,tiêu,36.0,Vietnam,Nescafe,2024-07-04 08:27:22,2024-07-04 08:27:22,GIANG LUONG,,GIANG LUONG,2024-12-04 04:35:47,263
185,1469997855005748474,1469997855005748394,h60Ig0Gm3Ie,DL-CK-EK-1767,tiêu,0.72,Vietnam,Nescafe,2024-06-28 15:03:57,2024-07-19 09:06:56,YEN NGUYEN,1.0,YEN NGUYEN,2024-11-29 06:18:07,190
186,1469997855002653901,1469997855002653822,i9am2oH9ccP,DL-CK-EK-1774,Tiêu,8.4,Vietnam,Nescafe,2024-06-26 09:49:39,2024-06-26 09:49:39,THOA NGUYEN,,THOA NGUYEN,2024-11-29 06:16:17,105
187,1470002575931192290,1470002575931192211,LnOpmqNTJ8J,DL-CK-ET-741,tiêu,41.0,Vietnam,Nescafe,2024-07-04 11:59:47,2024-07-04 11:59:52,YEN NGUYEN,,YEN NGUYEN,2024-11-29 06:35:00,10
188,1469918505928827984,1469918505928827907,AOD3eG40BWP,DL-CK-ET-856,tiêu,26.0,Vietnam,Nescafe,2024-05-16 09:48:03,2024-05-16 09:48:03,TRINH TRIEU,,TRINH TRIEU,2024-05-16 09:48:03,53
189,1469918505927959917,1469918505927959840,vk3YPQmIkhk,DL-CK-ET-206,tiêu,46.0,Vietnam,Nescafe,2024-05-15 09:22:37,2024-05-15 09:22:37,HIEU TRAN,,HIEU TRAN,2024-05-15 09:22:37,2
190,1469997855005416242,1469997855005416163,H9eXfmquofO,DL-CK-ET-629,"tiêu, bơ",49.2,Vietnam,Nescafe,2024-06-28 09:58:32,2024-06-28 09:58:32,HAI LE,,HAI LE,2024-11-29 06:12:33,304
191,1469997855004235991,1469997855004061078,ITQUpIdbcb5,DL-BMT-EK-3669,"sầu riêng, tiêu, bơ",55.0,Vietnam,Nescafe,2024-06-27 10:20:41,2024-06-27 10:20:41,GIANG LUONG,,GIANG LUONG,2024-11-29 06:11:39,144
192,1469997855006394108,1469997855006394125,d4dtuABaoYT,DL-BMT-EK-0106,tiêu,6.0,Vietnam,Nescafe,2024-06-28 23:29:08,2024-06-28 23:29:18,HUY NGUYEN,,HUY NGUYEN,2024-11-29 06:12:57,195
193,1469689325843982592,1469689325843982000,TxDcGaiqiX7,DL-BMT-TN-0621,cashew,29.0,Vietnam,Nescafe,2024-02-12 05:11:00,2024-02-12 05:11:00,PROD NESCAFE,,PROD NESCAFE,2024-02-12 05:11:00,5
194,1470002575927805296,1470002575927805171,X9ezpBmEjSo,10004-75-12-29,"điều , tiêu",0.45,Vietnam,Nescafe,2024-07-01 09:56:32,2024-07-01 09:56:32,YEN NGUYEN,,YEN NGUYEN,2024-11-29 06:14:11,280
195,1469689325843979693,1469689325843980528,OX4xUTQ26m3,DL-BMT-TN-0782,cashew,11.0,Vietnam,Nescafe,2024-02-12 04:53:19,2024-02-12 04:53:19,PROD NESCAFE,,PROD NESCAFE,2024-02-12 04:53:19,1
196,1470002575928775215,1470002575928775136,P2FtrSPqC5K,DL-BMT-CE-2436,tiêu,40.0,Vietnam,Nescafe,2024-07-02 12:19:20,2024-07-02 12:19:20,HUY NGUYEN,,HUY NGUYEN,2024-11-29 06:16:13,145
197,1470002575927817841,1470002575927720475,K87Eipc7AgP,DL-BMT-TN-0651,"tiêu, điều",43.5,Vietnam,Nescafe,2024-07-01 10:24:43,2024-07-01 10:24:43,HUY NGUYEN,,HUY NGUYEN,2024-11-29 06:29:43,161
198,1470002575928526111,1469997855004192517,AJm19yQVvsb,DL-BMT-CE-5593,tiêu,32.8,Vietnam,Nescafe,2024-07-02 07:16:17,2024-07-02 07:16:17,TIEN PHAM,0.0,TIEN PHAM,2024-11-29 06:29:26,51
199,1470002575931311287,1470002575931311208,l5PSB6uDnW7,DL-BMT-CE-2925,"na, tiêu",0.95,Vietnam,Nescafe,2024-07-04 14:01:36,2024-07-04 14:01:36,YEN NGUYEN,,YEN NGUYEN,2024-11-29 06:29:34,50
200,1469997855006352656,1469997855005054783,bZIJcUTCyif,DL-BMT-EK-0104,"sầu riêng, cau, dổi",52.2,Vietnam,Nescafe,2024-06-28 22:40:58,2024-06-28 22:40:58,HUY NGUYEN,,HUY NGUYEN,2024-11-29 06:13:01,152
201,1470002575933494048,1470002575933248486,yKVzsMm8OyZ,L-10004-75-11-1217-3347,bơ,2.7,Vietnam,Nescafe,2024-07-06 12:21:43,2024-07-06 12:21:43,HUY NGUYEN,,HUY NGUYEN,2024-11-29 06:16:54,167
202,1470002575960586210,1470002575960585973,CzBkhNrv4V3,L-10004-75-10-0617-4536,"bơ, sầu riêng",0.022,Vietnam,Nescafe,2024-07-29 15:51:41,2024-07-29 15:51:41,YEN NGUYEN,,YEN NGUYEN,2024-11-29 06:27:25,28
203,1470002575933481776,1470002575933211067,idZQ9ee0GZn,L-10004-75-11-1217-3359,bơ,16.4,Vietnam,Nescafe,2024-07-06 11:52:14,2024-07-06 11:52:14,HUY NGUYEN,,HUY NGUYEN,2024-11-29 06:25:27,168
204,1470002575939853213,1470002575939852844,Y5my5gkTVxJ,L-10004-75-10-0617-3976,tiêu,26.0,Vietnam,Nescafe,2024-07-11 22:35:00,2024-07-11 22:35:00,YEN NGUYEN,,YEN NGUYEN,2024-11-29 06:19:53,166
205,1470002575941258046,1470002575941257068,f9PhnPJRYFk,L-10004-75-10-0617-351,tiêu,0.0,Vietnam,Nescafe,2024-07-13 15:16:44,2024-07-13 15:16:44,YEN NGUYEN,,YEN NGUYEN,2024-11-29 06:48:13,178
206,1470157558594490768,1470157558591953965,lIniKAy2D1D,CA0122027,tiêu,1.67,Vietnam,Nescafe,2024-11-21 23:55:42,2024-12-04 09:26:19,HUY NGUYEN,0.1,HUY NGUYEN,2025-01-09 08:38:20,224
207,1470002575942267501,1470002575936990157,TlTpM5X3G0e,L-10004-75-10-0617-307,"bơ , mít",0.019,Vietnam,Nescafe,2024-07-15 14:06:27,2024-07-15 14:06:27,YEN NGUYEN,0.0,YEN NGUYEN,2024-11-29 06:19:20,128
208,1470157558590481514,1470157558590481248,Jo8pa7MQod8,DL0322016,sầu riêng,1.44,Vietnam,Nescafe,2024-11-19 07:07:17,2024-12-04 04:02:48,TIEN PHAM,0.0,TIEN PHAM,2025-01-09 08:40:03,64
209,1470157558590481433,1470157558590481248,Xjb6wsLjzYU,DL0322016,tiêu,6.06,Vietnam,Nescafe,2024-11-19 07:07:17,2024-12-04 04:02:53,TIEN PHAM,0.0,TIEN PHAM,2025-01-09 08:40:03,64
210,1470157558589718891,1470157558588954798,ClpE9eKwCrf,DL0422042,tiêu,2.55,Vietnam,Nescafe,2024-11-18 17:15:05,2024-12-04 09:06:58,HUY NGUYEN,1.0,HUY NGUYEN,2025-01-09 08:40:17,295
211,1469997855005897735,1469997855005221826,mRSpM2tZ53b,DL-BD-EB-3219,tiêu,6.11,Vietnam,Nescafe,2024-06-28 16:27:52,2024-06-28 16:27:52,TUYEN HUYNH,,TUYEN HUYNH,2024-11-29 06:21:53,146
212,1470002575927430018,1470002575926992309,k6icxMM9E8J,DL-BD-TH-1918,tiêu,16.0,Vietnam,Nescafe,2024-06-30 22:56:25,2024-06-30 22:56:25,HUY NGUYEN,,HUY NGUYEN,2024-11-29 06:26:43,227
213,1470002575927769170,1470002575927769090,jzIoVeIANCV,DL-BD-CN-5180,tiêu,0.28,Vietnam,Nescafe,2024-07-01 09:09:51,2024-07-01 09:09:56,YEN NGUYEN,,YEN NGUYEN,2024-11-29 06:29:22,266
214,1470002575930951211,1470002575930951132,Q6YVK1vL4RD,DL-BD-TH-1913,tiêu,40.43,Vietnam,Nescafe,2024-07-04 04:52:08,2024-07-04 04:52:08,YEN NGUYEN,,YEN NGUYEN,2024-11-29 06:13:50,143
215,1470002575927845143,1470002575927845064,QIheIwKUNMA,DL-BD-TH-1874,"tiêu, điều",39.72,Vietnam,Nescafe,2024-07-01 10:55:42,2024-07-01 10:55:42,HUY NGUYEN,,HUY NGUYEN,2024-11-29 06:21:57,15
216,1470002575928515113,1470002575928515034,YeDOqxrPGFN,DL-CM-QH-4316,Tiêu,10.9,Vietnam,Nescafe,2024-07-02 06:55:05,2024-07-02 15:25:43,MAI NGUYEN,,MAI NGUYEN,2024-11-29 06:17:39,310
217,1470002575929657785,1469986569867522635,rMI02i4cVxl,DL-CM-CM-4434,tiêu,11.0,Vietnam,Nescafe,2024-07-03 04:16:29,2024-07-03 04:17:30,HAI LE,0.0,HAI LE,2024-11-29 06:27:50,202
218,1469997855003984709,1469997855003984630,vg7tvTQXjkS,DL-CM-QH-5288,"tiêu, sầu riêng",22.9,Vietnam,Nescafe,2024-06-27 03:14:07,2024-06-28 16:52:12,THOA NGUYEN,0.0,THOA NGUYEN,2024-11-29 06:25:18,242
219,1470002575931215996,1470002575931215917,M2n7u5387lu,DL-CM-QH-1686,tiêu,21.52,Vietnam,Nescafe,2024-07-04 12:31:39,2024-07-04 12:31:39,YEN NGUYEN,,YEN NGUYEN,2024-11-29 06:32:20,106
220,1470002576058092684,1470002575926421199,QTuv29podWv,DL-CM-QT-5076,"cau, tiêu, sầu riêng",78.8,Vietnam,Nescafe,2024-10-03 10:58:06,2024-10-03 10:58:06,PHUONG NGUYEN,1.0,PHUONG NGUYEN,2024-11-29 06:16:46,149
221,1470002575931100778,1470002575931100699,loLSZrvrEPV,10004-75-12-96,sầu riêng,0.79,Vietnam,Nescafe,2024-07-04 09:30:25,2024-07-04 09:30:25,YEN NGUYEN,,YEN NGUYEN,2024-11-29 06:17:03,97
222,1469918505927833835,1469918505927833758,IKXp6rA7D4S,DL-CK-ET-168,tiêu,50.0,Vietnam,Nescafe,2024-05-15 04:17:25,2024-05-15 04:17:25,HIEU TRAN,,HIEU TRAN,2024-05-15 04:17:25,20
223,1470002575929976969,1470002575929976890,wtXPiBTCwfM,DL-CK-ET-398,tiêu,23.0,Vietnam,Nescafe,2024-07-03 11:20:33,2024-07-03 11:20:33,HAI LE,,HAI LE,2024-11-29 06:14:27,194
224,1470002575944725155,1470002575944725076,MjTTPgaOLbS,GL-TH-BC-CPR-1273,tiêu,3.39,Vietnam,Nescafe,2024-07-17 03:56:32,2024-07-17 03:57:14,MAI NGUYEN,,MAI NGUYEN,2024-11-29 06:47:23,120
225,1470002575955625921,1470002575944790854,Ou9rQQ8PY63,GL-T1-NH-CP-3229,tiêu và chanh,17.0,Vietnam,Nescafe,2024-07-25 05:09:35,2024-07-25 05:09:35,TOAN LE,,TOAN LE,2024-11-29 06:32:49,328
226,1470002575954860127,1470002575944804288,nTk9hYX4Lqo,GL-T1-NH-CP-3262,"tiêu, bơ",13.0,Vietnam,Nescafe,2024-07-24 14:53:38,2024-07-24 14:53:38,TOAN LE,,TOAN LE,2024-11-29 06:34:12,110
227,1470002575945081315,1470002575944608241,DzhSdQpXAlY,L-10004-75-3-1214DN-DL-NC-1604,Tiêu,33.33,Vietnam,Nescafe,2024-07-17 11:02:00,2024-07-17 11:02:00,QUYNH TRAN,,QUYNH TRAN,2024-11-29 06:11:51,71
228,1470002575948688655,1470002575944732514,EuuLKa9UarA,L-10004-75-3-1220-1636,tiêu + bơ,23.9,Vietnam,Nescafe,2024-07-19 13:52:47,2024-07-19 13:52:47,QUYNH TRAN,0.1,QUYNH TRAN,2024-11-29 06:16:42,135
229,1470002575949654608,1470002575941937935,JYfp4LLCwfR,L-10004-75-3-1214DN-DL-NC-1694,tiêu,0.51,Vietnam,Nescafe,2024-07-20 04:13:38,2024-07-20 04:13:38,YEN NGUYEN,0.0,YEN NGUYEN,2024-11-29 06:34:30,298
230,1470002575945756670,1470002575945756452,Gs4Pf3tLHPj,L-10004-75-03-1214.DN-DL-NC-1428,"tiêu, điều, bơ, sầu riêng",37.0,Vietnam,Nescafe,2024-07-18 00:09:25,2024-07-18 00:10:50,HAI LE,,HAI LE,2024-11-29 06:12:12,212
231,1470002575946653197,1469997855006410495,VDylN3qT0PH,DL-CK-ET-733,"điều, tiêu, cau",6.0,Vietnam,Nescafe,2024-07-18 08:50:02,2024-07-18 09:18:18,HUY NGUYEN,0.2,HUY NGUYEN,2024-11-29 06:21:24,272
232,1469997855002417405,1469997855002417326,dKsqXJVqLYy,DL-CK-ET-645,Tiêu,14.2,Vietnam,Nescafe,2024-06-26 04:49:35,2024-06-26 13:04:32,THOA NGUYEN,,THOA NGUYEN,2024-11-29 06:11:47,192
233,1469997855002953136,1469997855002953057,RqysDuNEH2W,DL-CK-ET-331,tiêu,8.6,Vietnam,Nescafe,2024-06-26 13:21:34,2024-06-26 13:21:34,YEN NGUYEN,,YEN NGUYEN,2024-11-28 03:02:17,47
234,1469997855002431526,1469997855002385465,dbiNJnHymdu,DL-CK-ET-331,tiêu,8.6,Vietnam,Nescafe,2024-06-26 05:33:30,2024-06-26 05:33:30,YEN NGUYEN,,YEN NGUYEN,2024-11-29 06:29:18,47
235,1469997855004919757,1469997855004919678,j3gjwlCpubj,DL-CK-EK-1977,"sầu riêng, tiêu",40.7,Vietnam,Nescafe,2024-06-28 00:12:55,2024-06-28 00:12:55,HAI LE,,HAI LE,2024-11-29 06:29:30,112
236,1469918505928573916,1469918505928581682,KwC8AmDydWj,DL-CK-ET-737,tiêu,13.0,Vietnam,Nescafe,2024-05-16 02:52:07,2024-05-16 02:52:07,QUYNH TRAN,,QUYNH TRAN,2024-05-16 02:52:07,273
237,1469997855002730117,1469997855002730038,y6nXC6OVQMh,DL-CK-EK-1761,"tiêu, sầu riêng",39.0,Vietnam,Nescafe,2024-06-26 10:41:55,2024-06-26 10:41:55,HUY NGUYEN,,HUY NGUYEN,2024-11-29 06:33:36,264
238,1469918505927954914,1469918505927954835,v3QjO0jZ3M5,DL-CK-ET-206,tiêu,46.0,Vietnam,Nescafe,2024-05-15 09:12:33,2024-05-15 09:58:09,THO NONG,,THO NONG,2024-05-15 09:58:09,2
239,1470002575948673686,1470002575945957023,QNVMqR5nKjV,L-10004-75-03-1214.DN-DL-NC-0644,tiêu + điều + sầu + bơ,44.83,Vietnam,Nescafe,2024-07-19 13:49:20,2024-07-19 13:49:20,QUYNH TRAN,0.0,QUYNH TRAN,2024-11-29 06:12:29,289
240,1470002575949632889,1470002575942054478,yeejmkSlXRv,L-10004-75-3-1220-2397,"bơ , tiêu",0.1,Vietnam,Nescafe,2024-07-20 03:33:18,2024-07-20 03:33:18,YEN NGUYEN,0.0,YEN NGUYEN,2024-11-29 06:12:24,43
241,1470002575948861034,1470002575944666743,SwLK4VlHdgl,L-10004-75-3-1223-2586,tiêu,47.1,Vietnam,Nescafe,2024-07-19 14:38:28,2024-07-19 14:38:28,QUYNH TRAN,0.0,QUYNH TRAN,2024-11-29 06:27:05,201
242,1470002575946334149,1470002575946334070,WceLGx8p8RH,L-10004-75-3-1214DN-DL-NC-1963,"tiêu, sầu",72.3,Vietnam,Nescafe,2024-07-18 04:07:50,2024-07-18 04:07:50,HAI LE,,HAI LE,2024-11-29 06:16:25,80
243,1470002575948207741,1470002575944974234,rldee0JjnLT,L-10004-75-3-1220-2370,tiêu,9.33,Vietnam,Nescafe,2024-07-19 08:07:48,2024-07-19 08:07:48,QUYNH TRAN,0.0,QUYNH TRAN,2024-11-29 06:25:32,70
244,1470002575949572617,1470002575949571952,tbVRv8T5C3u,L-10004-75-03-1214.DN-DL-NC-1246,tiêu bơ,0.14,Vietnam,Nescafe,2024-07-20 01:49:09,2024-07-20 01:49:09,YEN NGUYEN,,YEN NGUYEN,2024-11-29 06:17:31,219
245,1470002575941386631,1470002575941386552,OGalyiCyxt1,L-10004-75-3-1214DN-DL-NC-1909,"tiêu, sầu riêng",39.0,Vietnam,Nescafe,2024-07-13 20:52:17,2024-07-13 20:52:17,HAI LE,,HAI LE,2024-11-29 06:34:50,134
246,1470002575945966191,1470002575945966112,hOUtiqt8jTl,L-10004-75-3-1214DN-DL-NC-1960,"tiêu, điều, sầu",17.7,Vietnam,Nescafe,2024-07-18 02:13:03,2024-07-18 02:13:03,HAI LE,,HAI LE,2024-11-29 06:34:07,259
247,1470002575945049079,1470002575945049000,dtv5PGASto8,L-10004-75-3-1220-1929,"tiêu, điều",7.0,Vietnam,Nescafe,2024-07-17 10:19:38,2024-07-17 10:19:38,HAI LE,,HAI LE,2024-11-29 06:35:13,210
248,1470002575941770446,1470002575941585152,DbsibjVFAMC,L-10004-75-3-1220-1741,"tiêu , điều",10.0,Vietnam,Nescafe,2024-07-14 23:44:39,2024-07-15 01:31:28,YEN NGUYEN,,YEN NGUYEN,2024-11-29 06:16:59,89
249,1470002575948827289,1470002575943110215,WzNDhTG7Swz,L-10004-75-03-1214.DN-DL-NC-1257,"điều, tiêu , bơ",0.11,Vietnam,Nescafe,2024-07-19 14:28:08,2024-07-19 14:28:08,YEN NGUYEN,0.0,YEN NGUYEN,2024-11-29 06:26:35,183
250,1470002575946413168,1470002575943383640,mTYBREFkQd3,L-10004-75-3-1220-1753,"điều, tiêu , mít",13.0,Vietnam,Nescafe,2024-07-18 04:46:44,2024-07-18 04:47:41,YEN NGUYEN,0.0,YEN NGUYEN,2024-11-29 06:21:37,330
